date,country,new_cases,deaths
2020-01-28,Bayern,2.0,0.0
2020-01-29,Bayern,2.0,0.0
2020-01-30,Baden-Württemberg,2.0,0.0
2020-01-31,Baden-Württemberg,2.0,0.0
2020-01-31,Bayern,4.0,0.0
2020-02-02,Baden-Württemberg,1.0,0.0
2020-02-03,Bayern,1.0,0.0
2020-02-04,Bayern,2.0,0.0
2020-02-04,Niedersachsen,1.0,0.0
2020-02-06,Bayern,1.0,0.0
2020-02-07,Bayern,1.0,0.0
2020-02-11,Bayern,2.0,0.0
2020-02-12,Bayern,1.0,0.0
2020-02-20,Nordrhein-Westfalen,1.0,0.0
2020-02-22,Nordrhein-Westfalen,1.0,0.0
2020-02-24,Baden-Württemberg,1.0,0.0
2020-02-24,Schleswig-Holstein,1.0,0.0
2020-02-25,Baden-Württemberg,3.0,0.0
2020-02-26,Baden-Württemberg,4.0,0.0
2020-02-26,Nordrhein-Westfalen,3.0,0.0
2020-02-27,Baden-Württemberg,3.0,0.0
2020-02-27,Bayern,1.0,0.0
2020-02-27,Nordrhein-Westfalen,19.0,0.0
2020-02-28,Baden-Württemberg,6.0,0.0
2020-02-28,Bayern,2.0,0.0
2020-02-28,Hamburg,1.0,0.0
2020-02-28,Hessen,1.0,0.0
2020-02-28,Nordrhein-Westfalen,35.0,0.0
2020-02-28,Rheinland-Pfalz,1.0,0.0
2020-02-28,Schleswig-Holstein,1.0,0.0
2020-02-29,Baden-Württemberg,2.0,0.0
2020-02-29,Bayern,2.0,0.0
2020-02-29,Hamburg,1.0,0.0
2020-02-29,Nordrhein-Westfalen,15.0,0.0
2020-02-29,Rheinland-Pfalz,1.0,0.0
2020-02-29,Schleswig-Holstein,1.0,0.0
2020-03-01,Baden-Württemberg,1.0,0.0
2020-03-01,Bayern,4.0,0.0
2020-03-01,Brandenburg,1.0,0.0
2020-03-01,Bremen,1.0,0.0
2020-03-01,Hamburg,2.0,0.0
2020-03-01,Hessen,4.0,0.0
2020-03-01,Niedersachsen,1.0,0.0
2020-03-01,Nordrhein-Westfalen,24.0,0.0
2020-03-02,Baden-Württemberg,10.0,0.0
2020-03-02,Bayern,6.0,0.0
2020-03-02,Bremen,1.0,0.0
2020-03-02,Hessen,4.0,0.0
2020-03-02,Niedersachsen,2.0,0.0
2020-03-02,Nordrhein-Westfalen,15.0,0.0
2020-03-02,Sachsen,1.0,0.0
2020-03-02,Schleswig-Holstein,2.0,0.0
2020-03-03,Baden-Württemberg,23.0,0.0
2020-03-03,Bayern,6.0,0.0
2020-03-03,Berlin,5.0,0.0
2020-03-03,Bremen,2.0,0.0
2020-03-03,Hamburg,3.0,0.0
2020-03-03,Hessen,4.0,0.0
2020-03-03,Mecklenburg-Vorpommern,2.0,0.0
2020-03-03,Niedersachsen,6.0,0.0
2020-03-03,Nordrhein-Westfalen,31.0,0.0
2020-03-03,Rheinland-Pfalz,1.0,0.0
2020-03-03,Schleswig-Holstein,1.0,0.0
2020-03-03,Thüringen,1.0,0.0
2020-03-05,Baden-Württemberg,36.0,0.0
2020-03-04,Baden-Württemberg,18.5,0.5
2020-03-05,Bayern,19.0,1.0
2020-03-04,Bayern,5.0,0.0
2020-03-05,Berlin,9.0,0.0
2020-03-04,Berlin,1.5,0.0
2020-03-05,Brandenburg,1.0,0.0
2020-03-04,Hamburg,1.5,0.0
2020-03-05,Hamburg,5.0,0.0
2020-03-04,Hessen,1.0,0.0
2020-03-05,Hessen,6.0,0.0
2020-03-04,Mecklenburg-Vorpommern,1.0,0.0
2020-03-05,Mecklenburg-Vorpommern,1.0,0.0
2020-03-05,Niedersachsen,6.0,0.0
2020-03-04,Niedersachsen,2.0,0.0
2020-03-04,Nordrhein-Westfalen,45.0,0.5
2020-03-05,Nordrhein-Westfalen,97.0,0.0
2020-03-04,Rheinland-Pfalz,2.0,0.0
2020-03-05,Rheinland-Pfalz,1.0,0.0
2020-03-05,Schleswig-Holstein,1.0,0.0
2020-03-06,Baden-Württemberg,51.0,2.0
2020-03-06,Bayern,49.0,0.0
2020-03-06,Berlin,5.0,0.0
2020-03-06,Hamburg,3.0,1.0
2020-03-06,Hessen,1.0,0.0
2020-03-06,Niedersachsen,7.0,0.0
2020-03-06,Nordrhein-Westfalen,63.0,1.0
2020-03-06,Rheinland-Pfalz,2.0,0.0
2020-03-06,Sachsen,2.0,0.0
2020-03-06,Schleswig-Holstein,2.0,0.0
2020-03-07,Baden-Württemberg,31.0,1.0
2020-03-07,Bayern,18.0,0.0
2020-03-07,Berlin,1.0,0.0
2020-03-07,Hamburg,4.0,0.0
2020-03-07,Hessen,4.0,0.0
2020-03-07,Niedersachsen,8.0,0.0
2020-03-07,Nordrhein-Westfalen,67.0,3.0
2020-03-07,Rheinland-Pfalz,2.0,0.0
2020-03-07,Sachsen,2.0,0.0
2020-03-07,Thüringen,1.0,0.0
2020-03-08,Baden-Württemberg,19.0,1.0
2020-03-08,Bayern,21.0,0.0
2020-03-08,Berlin,11.0,0.0
2020-03-08,Brandenburg,4.0,0.0
2020-03-08,Hamburg,5.0,0.0
2020-03-08,Mecklenburg-Vorpommern,2.0,0.0
2020-03-08,Niedersachsen,4.0,0.0
2020-03-08,Nordrhein-Westfalen,26.0,0.0
2020-03-08,Rheinland-Pfalz,3.0,0.0
2020-03-08,Saarland,1.0,0.0
2020-03-08,Sachsen,5.0,0.0
2020-03-08,Schleswig-Holstein,1.0,0.0
2020-03-09,Baden-Württemberg,51.0,2.0
2020-03-09,Bayern,77.0,0.0
2020-03-09,Berlin,22.0,0.0
2020-03-09,Brandenburg,4.0,0.0
2020-03-09,Bremen,7.0,0.0
2020-03-09,Hamburg,20.0,0.0
2020-03-09,Hessen,20.0,0.0
2020-03-09,Mecklenburg-Vorpommern,4.0,0.0
2020-03-09,Niedersachsen,14.0,0.0
2020-03-09,Nordrhein-Westfalen,97.0,4.0
2020-03-09,Rheinland-Pfalz,6.0,0.0
2020-03-09,Saarland,5.0,0.0
2020-03-09,Sachsen,5.0,0.0
2020-03-09,Schleswig-Holstein,3.0,0.0
2020-03-10,Baden-Württemberg,115.0,0.0
2020-03-10,Bayern,111.0,3.0
2020-03-10,Berlin,34.0,0.0
2020-03-10,Brandenburg,9.0,0.0
2020-03-10,Bremen,11.0,0.0
2020-03-10,Hamburg,30.0,0.0
2020-03-10,Hessen,16.0,0.0
2020-03-10,Mecklenburg-Vorpommern,1.0,0.0
2020-03-10,Niedersachsen,35.0,1.0
2020-03-10,Nordrhein-Westfalen,173.0,0.0
2020-03-10,Rheinland-Pfalz,17.0,0.0
2020-03-10,Saarland,2.0,0.0
2020-03-10,Sachsen,21.0,0.0
2020-03-10,Sachsen-Anhalt,6.0,0.0
2020-03-10,Schleswig-Holstein,7.0,0.0
2020-03-10,Thüringen,9.0,0.0
2020-03-11,Baden-Württemberg,73.0,2.5
2020-03-12,Baden-Württemberg,188.0,4.0
2020-03-11,Bayern,58.5,0.5
2020-03-12,Bayern,133.0,3.0
2020-03-11,Berlin,21.0,0.0
2020-03-12,Berlin,47.0,0.0
2020-03-11,Brandenburg,4.0,0.0
2020-03-12,Brandenburg,25.0,0.0
2020-03-11,Bremen,5.5,0.0
2020-03-12,Bremen,7.0,0.0
2020-03-11,Hamburg,14.5,0.0
2020-03-12,Hamburg,42.0,1.0
2020-03-11,Hessen,18.5,0.0
2020-03-12,Hessen,37.0,0.0
2020-03-12,Mecklenburg-Vorpommern,9.0,0.0
2020-03-11,Mecklenburg-Vorpommern,4.0,0.0
2020-03-11,Niedersachsen,31.0,0.0
2020-03-12,Niedersachsen,69.0,1.0
2020-03-11,Nordrhein-Westfalen,100.0,1.0
2020-03-12,Nordrhein-Westfalen,281.0,3.0
2020-03-12,Rheinland-Pfalz,64.0,0.0
2020-03-11,Rheinland-Pfalz,14.5,0.0
2020-03-11,Saarland,5.0,0.0
2020-03-12,Saarland,13.0,0.0
2020-03-12,Sachsen,28.0,0.0
2020-03-11,Sachsen,8.0,0.0
2020-03-12,Sachsen-Anhalt,14.0,0.0
2020-03-11,Sachsen-Anhalt,7.5,0.0
2020-03-11,Schleswig-Holstein,9.5,0.0
2020-03-12,Schleswig-Holstein,18.0,1.0
2020-03-11,Thüringen,0.5,0.0
2020-03-12,Thüringen,11.0,0.0
2020-03-13,Baden-Württemberg,314.0,4.0
2020-03-13,Bayern,249.0,3.0
2020-03-13,Berlin,59.0,0.0
2020-03-13,Brandenburg,21.0,0.0
2020-03-13,Bremen,9.0,0.0
2020-03-13,Hamburg,37.0,1.0
2020-03-13,Hessen,78.0,0.0
2020-03-13,Mecklenburg-Vorpommern,9.0,0.0
2020-03-13,Niedersachsen,89.0,0.0
2020-03-13,Nordrhein-Westfalen,418.0,6.0
2020-03-13,Rheinland-Pfalz,58.0,0.0
2020-03-13,Saarland,17.0,0.0
2020-03-13,Sachsen,36.0,1.0
2020-03-13,Sachsen-Anhalt,11.0,0.0
2020-03-13,Schleswig-Holstein,27.0,0.0
2020-03-13,Thüringen,10.0,0.0
2020-03-14,Baden-Württemberg,326.0,9.0
2020-03-14,Bayern,230.0,5.0
2020-03-14,Berlin,29.0,0.0
2020-03-14,Brandenburg,14.0,0.0
2020-03-14,Bremen,3.0,0.0
2020-03-14,Hamburg,77.0,1.0
2020-03-14,Hessen,82.0,1.0
2020-03-14,Mecklenburg-Vorpommern,1.0,0.0
2020-03-14,Niedersachsen,77.0,0.0
2020-03-14,Nordrhein-Westfalen,322.0,3.0
2020-03-14,Rheinland-Pfalz,51.0,0.0
2020-03-14,Saarland,11.0,0.0
2020-03-14,Sachsen,34.0,1.0
2020-03-14,Sachsen-Anhalt,2.0,0.0
2020-03-14,Schleswig-Holstein,24.0,0.0
2020-03-14,Thüringen,18.0,0.0
2020-03-15,Baden-Württemberg,182.0,4.0
2020-03-15,Bayern,167.0,3.0
2020-03-15,Berlin,26.0,0.0
2020-03-15,Brandenburg,21.0,0.0
2020-03-15,Bremen,3.0,0.0
2020-03-15,Hamburg,80.0,0.0
2020-03-15,Hessen,24.0,0.0
2020-03-15,Mecklenburg-Vorpommern,1.0,0.0
2020-03-15,Niedersachsen,68.0,1.0
2020-03-15,Nordrhein-Westfalen,241.0,6.0
2020-03-15,Rheinland-Pfalz,95.0,1.0
2020-03-15,Saarland,18.0,0.0
2020-03-15,Sachsen,30.0,0.0
2020-03-15,Schleswig-Holstein,21.0,0.0
2020-03-15,Thüringen,1.0,0.0
2020-03-16,Baden-Württemberg,429.0,12.0
2020-03-16,Bayern,268.0,8.0
2020-03-16,Berlin,63.0,0.0
2020-03-16,Brandenburg,20.0,0.0
2020-03-16,Bremen,1.0,0.0
2020-03-16,Hamburg,80.0,0.0
2020-03-16,Hessen,126.0,1.0
2020-03-16,Mecklenburg-Vorpommern,14.0,0.0
2020-03-16,Niedersachsen,156.0,0.0
2020-03-16,Nordrhein-Westfalen,613.0,11.0
2020-03-16,Rheinland-Pfalz,125.0,1.0
2020-03-16,Saarland,25.0,2.0
2020-03-16,Sachsen,43.0,0.0
2020-03-16,Sachsen-Anhalt,35.0,0.0
2020-03-16,Schleswig-Holstein,29.0,0.0
2020-03-16,Thüringen,18.0,0.0
2020-03-17,Baden-Württemberg,599.0,12.0
2020-03-17,Bayern,463.0,10.0
2020-03-17,Berlin,93.0,0.0
2020-03-17,Brandenburg,65.0,0.0
2020-03-17,Bremen,12.0,1.0
2020-03-17,Hamburg,133.0,1.0
2020-03-17,Hessen,168.0,1.0
2020-03-17,Mecklenburg-Vorpommern,31.0,0.0
2020-03-17,Niedersachsen,176.0,1.0
2020-03-17,Nordrhein-Westfalen,910.0,13.0
2020-03-17,Rheinland-Pfalz,168.0,1.0
2020-03-17,Saarland,21.0,0.0
2020-03-17,Sachsen,86.0,0.0
2020-03-17,Sachsen-Anhalt,29.0,0.0
2020-03-17,Schleswig-Holstein,46.0,2.0
2020-03-17,Thüringen,31.0,0.0
2020-03-18,Baden-Württemberg,801.0,19.0
2020-03-18,Bayern,741.0,12.0
2020-03-18,Berlin,146.0,2.0
2020-03-18,Brandenburg,47.0,0.0
2020-03-18,Bremen,10.0,0.0
2020-03-18,Hamburg,134.0,0.0
2020-03-18,Hessen,224.0,1.0
2020-03-18,Mecklenburg-Vorpommern,43.0,0.0
2020-03-18,Niedersachsen,277.0,5.0
2020-03-18,Nordrhein-Westfalen,717.0,19.0
2020-03-18,Rheinland-Pfalz,158.0,1.0
2020-03-18,Saarland,41.0,1.0
2020-03-18,Sachsen,131.0,0.0
2020-03-18,Sachsen-Anhalt,38.0,0.0
2020-03-18,Schleswig-Holstein,53.0,4.0
2020-03-18,Thüringen,37.0,0.0
2020-03-19,Baden-Württemberg,654.0,19.0
2020-03-19,Bayern,820.0,11.0
2020-03-19,Berlin,180.0,1.0
2020-03-19,Brandenburg,55.0,1.0
2020-03-19,Bremen,40.0,0.0
2020-03-19,Hamburg,190.0,2.0
2020-03-19,Hessen,203.0,1.0
2020-03-19,Mecklenburg-Vorpommern,34.0,0.0
2020-03-19,Niedersachsen,271.0,2.0
2020-03-19,Nordrhein-Westfalen,1138.0,20.0
2020-03-19,Rheinland-Pfalz,135.0,4.0
2020-03-19,Saarland,45.0,0.0
2020-03-19,Sachsen,155.0,1.0
2020-03-19,Sachsen-Anhalt,43.0,0.0
2020-03-19,Schleswig-Holstein,60.0,0.0
2020-03-19,Thüringen,54.0,0.0
2020-03-20,Baden-Württemberg,846.0,29.0
2020-03-20,Bayern,858.0,26.0
2020-03-20,Berlin,170.0,2.0
2020-03-20,Brandenburg,64.0,1.0
2020-03-20,Bremen,24.0,0.0
2020-03-20,Hamburg,146.0,2.0
2020-03-20,Hessen,212.0,4.0
2020-03-20,Mecklenburg-Vorpommern,16.0,0.0
2020-03-20,Niedersachsen,267.0,7.0
2020-03-20,Nordrhein-Westfalen,875.0,20.0
2020-03-20,Rheinland-Pfalz,181.0,1.0
2020-03-20,Saarland,37.0,0.0
2020-03-20,Sachsen,143.0,2.0
2020-03-20,Sachsen-Anhalt,51.0,1.0
2020-03-20,Schleswig-Holstein,78.0,1.0
2020-03-20,Thüringen,76.0,0.0
2020-03-21,Baden-Württemberg,564.0,18.0
2020-03-21,Bayern,1106.0,40.0
2020-03-21,Berlin,128.0,2.0
2020-03-21,Brandenburg,24.0,0.0
2020-03-21,Bremen,22.0,0.0
2020-03-21,Hamburg,107.0,1.0
2020-03-21,Hessen,135.0,3.0
2020-03-21,Mecklenburg-Vorpommern,11.0,0.0
2020-03-21,Niedersachsen,180.0,4.0
2020-03-21,Nordrhein-Westfalen,691.0,16.0
2020-03-21,Rheinland-Pfalz,115.0,2.0
2020-03-21,Saarland,38.0,1.0
2020-03-21,Sachsen,129.0,1.0
2020-03-21,Sachsen-Anhalt,18.0,1.0
2020-03-21,Schleswig-Holstein,45.0,3.0
2020-03-21,Thüringen,38.0,2.0
2020-03-23,Baden-Württemberg,649.0,28.0
2020-03-22,Baden-Württemberg,274.5,10.0
2020-03-23,Bayern,722.0,49.0
2020-03-22,Bayern,279.5,10.0
2020-03-22,Berlin,34.0,0.5
2020-03-23,Berlin,159.0,4.0
2020-03-23,Brandenburg,53.0,0.0
2020-03-22,Brandenburg,11.0,0.0
2020-03-23,Bremen,12.0,0.0
2020-03-22,Bremen,2.0,0.0
2020-03-23,Hamburg,133.0,1.0
2020-03-22,Hamburg,75.0,1.0
2020-03-22,Hessen,29.5,0.5
2020-03-23,Hessen,277.0,5.0
2020-03-23,Mecklenburg-Vorpommern,13.0,0.0
2020-03-22,Mecklenburg-Vorpommern,0.5,0.0
2020-03-22,Niedersachsen,54.5,0.0
2020-03-23,Niedersachsen,242.0,4.0
2020-03-23,Nordrhein-Westfalen,880.0,25.0
2020-03-22,Nordrhein-Westfalen,218.0,10.0
2020-03-22,Rheinland-Pfalz,71.0,2.0
2020-03-23,Rheinland-Pfalz,196.0,0.0
2020-03-22,Saarland,23.5,0.5
2020-03-23,Saarland,59.0,4.0
2020-03-23,Sachsen,122.0,3.0
2020-03-22,Sachsen,26.0,0.5
2020-03-23,Sachsen-Anhalt,66.0,3.0
2020-03-22,Sachsen-Anhalt,7.0,1.0
2020-03-23,Schleswig-Holstein,94.0,3.0
2020-03-22,Schleswig-Holstein,17.0,1.5
2020-03-23,Thüringen,52.0,1.0
2020-03-22,Thüringen,13.5,0.5
2020-03-24,Baden-Württemberg,1190.0,44.0
2020-03-24,Bayern,1216.0,48.0
2020-03-24,Berlin,200.0,5.0
2020-03-24,Brandenburg,56.0,0.0
2020-03-24,Bremen,19.0,1.0
2020-03-24,Hamburg,207.0,3.0
2020-03-24,Hessen,235.0,9.0
2020-03-24,Mecklenburg-Vorpommern,37.0,1.0
2020-03-24,Niedersachsen,294.0,4.0
2020-03-24,Nordrhein-Westfalen,797.0,24.0
2020-03-24,Rheinland-Pfalz,205.0,4.0
2020-03-24,Saarland,33.0,4.0
2020-03-24,Sachsen,160.0,7.0
2020-03-24,Sachsen-Anhalt,62.0,4.0
2020-03-24,Schleswig-Holstein,100.0,4.0
2020-03-24,Thüringen,72.0,3.0
2020-03-25,Baden-Württemberg,1188.0,45.0
2020-03-25,Bayern,1681.0,66.0
2020-03-25,Berlin,245.0,2.0
2020-03-25,Brandenburg,97.0,4.0
2020-03-25,Bremen,11.0,0.0
2020-03-25,Hamburg,163.0,11.0
2020-03-25,Hessen,246.0,5.0
2020-03-25,Mecklenburg-Vorpommern,24.0,1.0
2020-03-25,Niedersachsen,378.0,18.0
2020-03-25,Nordrhein-Westfalen,1039.0,36.0
2020-03-25,Rheinland-Pfalz,171.0,5.0
2020-03-25,Saarland,49.0,3.0
2020-03-25,Sachsen,180.0,7.0
2020-03-25,Sachsen-Anhalt,51.0,4.0
2020-03-25,Schleswig-Holstein,87.0,4.0
2020-03-25,Thüringen,79.0,3.0
2020-03-26,Baden-Württemberg,1220.0,73.0
2020-03-26,Bayern,1703.0,93.0
2020-03-26,Berlin,286.0,4.0
2020-03-26,Brandenburg,74.0,2.0
2020-03-26,Bremen,31.0,2.0
2020-03-26,Hamburg,170.0,6.0
2020-03-26,Hessen,301.0,12.0
2020-03-26,Mecklenburg-Vorpommern,24.0,0.0
2020-03-26,Niedersachsen,374.0,11.0
2020-03-26,Nordrhein-Westfalen,1047.0,38.0
2020-03-26,Rheinland-Pfalz,216.0,6.0
2020-03-26,Saarland,71.0,2.0
2020-03-26,Sachsen,169.0,4.0
2020-03-26,Sachsen-Anhalt,58.0,2.0
2020-03-26,Schleswig-Holstein,96.0,4.0
2020-03-26,Thüringen,75.0,2.0
2020-03-27,Baden-Württemberg,1252.0,49.0
2020-03-27,Bayern,1644.0,70.0
2020-03-27,Berlin,205.0,5.0
2020-03-27,Brandenburg,79.0,5.0
2020-03-27,Bremen,20.0,1.0
2020-03-27,Hamburg,141.0,9.0
2020-03-27,Hessen,308.0,15.0
2020-03-27,Mecklenburg-Vorpommern,42.0,1.0
2020-03-27,Niedersachsen,410.0,36.0
2020-03-27,Nordrhein-Westfalen,1101.0,45.0
2020-03-27,Rheinland-Pfalz,271.0,6.0
2020-03-27,Saarland,66.0,3.0
2020-03-27,Sachsen,187.0,7.0
2020-03-27,Sachsen-Anhalt,78.0,3.0
2020-03-27,Schleswig-Holstein,117.0,2.0
2020-03-27,Thüringen,73.0,4.0
2020-03-28,Baden-Württemberg,1010.0,58.0
2020-03-28,Bayern,1421.0,89.0
2020-03-28,Berlin,197.0,3.0
2020-03-28,Brandenburg,44.0,0.0
2020-03-28,Bremen,25.0,0.0
2020-03-28,Hamburg,145.0,10.0
2020-03-28,Hessen,185.0,7.0
2020-03-28,Mecklenburg-Vorpommern,21.0,2.0
2020-03-28,Niedersachsen,348.0,29.0
2020-03-28,Nordrhein-Westfalen,751.0,37.0
2020-03-28,Rheinland-Pfalz,166.0,7.0
2020-03-28,Saarland,70.0,2.0
2020-03-28,Sachsen,163.0,3.0
2020-03-28,Sachsen-Anhalt,42.0,0.0
2020-03-28,Schleswig-Holstein,82.0,1.0
2020-03-28,Thüringen,68.0,1.0
2020-03-29,Baden-Württemberg,660.0,31.0
2020-03-29,Bayern,863.0,47.0
2020-03-29,Berlin,87.0,4.0
2020-03-29,Brandenburg,27.0,0.0
2020-03-29,Bremen,1.0,0.0
2020-03-29,Hamburg,115.0,1.0
2020-03-29,Hessen,140.0,11.0
2020-03-29,Mecklenburg-Vorpommern,11.0,0.0
2020-03-29,Niedersachsen,177.0,15.0
2020-03-29,Nordrhein-Westfalen,633.0,41.0
2020-03-29,Rheinland-Pfalz,142.0,3.0
2020-03-29,Saarland,78.0,5.0
2020-03-29,Sachsen,71.0,1.0
2020-03-29,Sachsen-Anhalt,19.0,0.0
2020-03-29,Schleswig-Holstein,43.0,2.0
2020-03-29,Thüringen,20.0,1.0
2020-03-30,Baden-Württemberg,466.0,29.0
2020-03-31,Baden-Württemberg,1228.0,84.0
2020-03-31,Bayern,1847.0,130.0
2020-03-30,Bayern,520.0,36.0
2020-03-30,Berlin,83.5,2.0
2020-03-31,Berlin,213.0,3.0
2020-03-31,Brandenburg,129.0,8.0
2020-03-30,Brandenburg,47.5,6.0
2020-03-30,Bremen,4.0,1.0
2020-03-31,Bremen,17.0,1.0
2020-03-30,Hamburg,35.5,2.0
2020-03-31,Hamburg,157.0,8.0
2020-03-30,Hessen,91.5,5.5
2020-03-31,Hessen,254.0,13.0
2020-03-30,Mecklenburg-Vorpommern,6.5,0.0
2020-03-31,Mecklenburg-Vorpommern,50.0,2.0
2020-03-31,Niedersachsen,359.0,15.0
2020-03-30,Niedersachsen,157.0,10.0
2020-03-31,Nordrhein-Westfalen,1057.0,59.0
2020-03-30,Nordrhein-Westfalen,385.0,21.0
2020-03-30,Rheinland-Pfalz,71.5,4.0
2020-03-31,Rheinland-Pfalz,200.0,11.0
2020-03-31,Saarland,131.0,13.0
2020-03-30,Saarland,34.0,2.0
2020-03-31,Sachsen,180.0,17.0
2020-03-30,Sachsen,69.0,5.5
2020-03-31,Sachsen-Anhalt,55.0,0.0
2020-03-30,Sachsen-Anhalt,36.0,3.5
2020-03-31,Schleswig-Holstein,104.0,5.0
2020-03-30,Schleswig-Holstein,39.0,2.5
2020-03-31,Thüringen,79.0,3.0
2020-03-30,Thüringen,17.5,0.5
2020-04-01,Baden-Württemberg,1248.0,87.0
2020-04-01,Bayern,1988.0,104.0
2020-04-01,Berlin,187.0,8.0
2020-04-01,Brandenburg,70.0,7.0
2020-04-01,Bremen,16.0,1.0
2020-04-01,Hamburg,140.0,8.0
2020-04-01,Hessen,329.0,24.0
2020-04-01,Mecklenburg-Vorpommern,23.0,3.0
2020-04-01,Niedersachsen,368.0,21.0
2020-04-01,Nordrhein-Westfalen,1155.0,83.0
2020-04-01,Rheinland-Pfalz,252.0,9.0
2020-04-01,Saarland,123.0,4.0
2020-04-01,Sachsen,185.0,4.0
2020-04-01,Sachsen-Anhalt,36.0,0.0
2020-04-01,Schleswig-Holstein,103.0,7.0
2020-04-01,Thüringen,58.0,2.0
2020-04-02,Baden-Württemberg,1423.0,98.0
2020-04-02,Bayern,1942.0,129.0
2020-04-02,Berlin,237.0,7.0
2020-04-02,Brandenburg,116.0,9.0
2020-04-02,Bremen,11.0,1.0
2020-04-02,Hamburg,165.0,13.0
2020-04-02,Hessen,267.0,23.0
2020-04-02,Mecklenburg-Vorpommern,29.0,3.0
2020-04-02,Niedersachsen,334.0,22.0
2020-04-02,Nordrhein-Westfalen,1205.0,65.0
2020-04-02,Rheinland-Pfalz,189.0,2.0
2020-04-02,Saarland,178.0,16.0
2020-04-02,Sachsen,223.0,18.0
2020-04-02,Sachsen-Anhalt,46.0,1.0
2020-04-02,Schleswig-Holstein,112.0,4.0
2020-04-02,Thüringen,85.0,4.0
2020-04-03,Baden-Württemberg,1272.0,78.0
2020-04-03,Bayern,1862.0,94.0
2020-04-03,Berlin,239.0,17.0
2020-04-03,Brandenburg,136.0,15.0
2020-04-03,Bremen,33.0,5.0
2020-04-03,Hamburg,158.0,21.0
2020-04-03,Hessen,250.0,11.0
2020-04-03,Mecklenburg-Vorpommern,31.0,0.0
2020-04-03,Niedersachsen,389.0,31.0
2020-04-03,Nordrhein-Westfalen,1054.0,71.0
2020-04-03,Rheinland-Pfalz,214.0,15.0
2020-04-03,Saarland,71.0,2.0
2020-04-03,Sachsen,250.0,17.0
2020-04-03,Sachsen-Anhalt,44.0,1.0
2020-04-03,Schleswig-Holstein,112.0,7.0
2020-04-03,Thüringen,70.0,4.0
2020-04-04,Baden-Württemberg,854.0,43.0
2020-04-04,Bayern,1494.0,82.0
2020-04-04,Berlin,108.0,2.0
2020-04-04,Brandenburg,40.0,2.0
2020-04-04,Bremen,15.0,1.0
2020-04-04,Hamburg,108.0,6.0
2020-04-04,Hessen,224.0,18.0
2020-04-04,Mecklenburg-Vorpommern,15.0,0.0
2020-04-04,Niedersachsen,224.0,20.0
2020-04-04,Nordrhein-Westfalen,684.0,40.0
2020-04-04,Rheinland-Pfalz,140.0,4.0
2020-04-04,Saarland,140.0,11.0
2020-04-04,Sachsen,139.0,8.0
2020-04-04,Sachsen-Anhalt,34.0,1.0
2020-04-04,Schleswig-Holstein,69.0,3.0
2020-04-04,Thüringen,50.0,3.0
2020-04-05,Baden-Württemberg,495.0,34.0
2020-04-05,Bayern,722.0,51.0
2020-04-05,Berlin,78.0,5.0
2020-04-05,Brandenburg,25.0,3.0
2020-04-05,Bremen,3.0,0.0
2020-04-05,Hamburg,108.0,8.0
2020-04-05,Hessen,91.0,5.0
2020-04-05,Mecklenburg-Vorpommern,2.0,0.0
2020-04-05,Niedersachsen,145.0,9.0
2020-04-05,Nordrhein-Westfalen,507.0,47.0
2020-04-05,Rheinland-Pfalz,106.0,3.0
2020-04-05,Saarland,89.0,8.0
2020-04-05,Sachsen,68.0,3.0
2020-04-05,Sachsen-Anhalt,39.0,0.0
2020-04-05,Schleswig-Holstein,36.0,1.0
2020-04-05,Thüringen,40.0,5.0
2020-04-06,Baden-Württemberg,567.0,44.0
2020-04-06,Bayern,1125.0,70.0
2020-04-06,Berlin,144.0,9.0
2020-04-06,Brandenburg,75.0,6.0
2020-04-06,Bremen,5.0,0.0
2020-04-06,Hamburg,93.0,11.0
2020-04-06,Hessen,139.0,21.0
2020-04-06,Mecklenburg-Vorpommern,5.0,0.0
2020-04-06,Niedersachsen,231.0,26.0
2020-04-06,Nordrhein-Westfalen,875.0,73.0
2020-04-06,Rheinland-Pfalz,140.0,9.0
2020-04-06,Saarland,80.0,7.0
2020-04-06,Sachsen,80.0,5.0
2020-04-06,Sachsen-Anhalt,26.0,1.0
2020-04-06,Schleswig-Holstein,61.0,5.0
2020-04-06,Thüringen,27.0,2.0
2020-04-07,Baden-Württemberg,903.0,52.0
2020-04-07,Bayern,1533.0,96.0
2020-04-07,Berlin,202.0,15.0
2020-04-07,Brandenburg,106.0,8.0
2020-04-07,Bremen,36.0,2.0
2020-04-07,Hamburg,211.0,23.0
2020-04-07,Hessen,255.0,18.0
2020-04-07,Mecklenburg-Vorpommern,35.0,3.0
2020-04-07,Niedersachsen,374.0,19.0
2020-04-07,Nordrhein-Westfalen,914.0,55.0
2020-04-07,Rheinland-Pfalz,180.0,12.0
2020-04-07,Saarland,79.0,4.0
2020-04-07,Sachsen,142.0,6.0
2020-04-07,Sachsen-Anhalt,45.0,2.0
2020-04-07,Schleswig-Holstein,112.0,11.0
2020-04-07,Thüringen,74.0,8.0
2020-04-08,Baden-Württemberg,935.0,70.0
2020-04-08,Bayern,1549.0,89.0
2020-04-08,Berlin,178.0,6.0
2020-04-08,Brandenburg,118.0,3.0
2020-04-08,Bremen,6.0,0.0
2020-04-08,Hamburg,117.0,9.0
2020-04-08,Hessen,303.0,19.0
2020-04-08,Mecklenburg-Vorpommern,8.0,0.0
2020-04-08,Niedersachsen,334.0,26.0
2020-04-08,Nordrhein-Westfalen,1046.0,75.0
2020-04-08,Rheinland-Pfalz,173.0,11.0
2020-04-08,Saarland,153.0,11.0
2020-04-08,Sachsen,160.0,7.0
2020-04-08,Sachsen-Anhalt,48.0,0.0
2020-04-08,Schleswig-Holstein,90.0,5.0
2020-04-08,Thüringen,65.0,3.0
2020-04-09,Baden-Württemberg,1000.0,66.0
2020-04-09,Bayern,1264.0,88.0
2020-04-09,Berlin,176.0,10.0
2020-04-09,Brandenburg,115.0,10.0
2020-04-09,Bremen,18.0,2.0
2020-04-09,Hamburg,114.0,3.0
2020-04-09,Hessen,292.0,32.0
2020-04-09,Mecklenburg-Vorpommern,15.0,0.0
2020-04-09,Niedersachsen,313.0,18.0
2020-04-09,Nordrhein-Westfalen,1011.0,56.0
2020-04-09,Rheinland-Pfalz,156.0,11.0
2020-04-09,Saarland,136.0,6.0
2020-04-09,Sachsen,100.0,7.0
2020-04-09,Sachsen-Anhalt,39.0,2.0
2020-04-09,Schleswig-Holstein,92.0,5.0
2020-04-09,Thüringen,70.0,6.0
2020-04-10,Baden-Württemberg,665.0,40.0
2020-04-10,Bayern,943.0,58.0
2020-04-10,Berlin,82.0,5.0
2020-04-10,Brandenburg,75.0,2.0
2020-04-10,Bremen,9.0,1.0
2020-04-10,Hamburg,97.0,1.0
2020-04-10,Hessen,155.0,15.0
2020-04-10,Mecklenburg-Vorpommern,11.0,1.0
2020-04-10,Niedersachsen,262.0,16.0
2020-04-10,Nordrhein-Westfalen,615.0,38.0
2020-04-10,Rheinland-Pfalz,131.0,7.0
2020-04-10,Saarland,91.0,7.0
2020-04-10,Sachsen,130.0,7.0
2020-04-10,Sachsen-Anhalt,25.0,1.0
2020-04-10,Schleswig-Holstein,34.0,1.0
2020-04-10,Thüringen,27.0,7.0
2020-04-11,Baden-Württemberg,750.0,36.0
2020-04-11,Bayern,764.0,70.0
2020-04-11,Berlin,87.0,1.0
2020-04-11,Brandenburg,49.0,5.0
2020-04-11,Bremen,13.0,2.0
2020-04-11,Hamburg,79.0,4.0
2020-04-11,Hessen,151.0,15.0
2020-04-11,Mecklenburg-Vorpommern,13.0,0.0
2020-04-11,Niedersachsen,128.0,9.0
2020-04-11,Nordrhein-Westfalen,585.0,36.0
2020-04-11,Rheinland-Pfalz,77.0,6.0
2020-04-11,Saarland,20.0,1.0
2020-04-11,Sachsen,80.0,7.0
2020-04-11,Sachsen-Anhalt,29.0,1.0
2020-04-11,Schleswig-Holstein,41.0,3.0
2020-04-11,Thüringen,27.0,4.0
2020-04-12,Baden-Württemberg,428.0,45.0
2020-04-12,Bayern,418.0,43.0
2020-04-12,Berlin,54.0,0.0
2020-04-12,Brandenburg,44.0,6.0
2020-04-12,Bremen,4.0,0.0
2020-04-12,Hamburg,46.0,8.0
2020-04-12,Hessen,99.0,12.0
2020-04-12,Mecklenburg-Vorpommern,3.0,0.0
2020-04-12,Niedersachsen,150.0,12.0
2020-04-12,Nordrhein-Westfalen,383.0,31.0
2020-04-12,Rheinland-Pfalz,65.0,3.0
2020-04-12,Saarland,23.0,0.0
2020-04-12,Sachsen,88.0,3.0
2020-04-12,Sachsen-Anhalt,13.0,1.0
2020-04-12,Schleswig-Holstein,16.0,0.0
2020-04-12,Thüringen,32.0,5.0
2020-04-13,Baden-Württemberg,291.0,33.0
2020-04-13,Bayern,464.0,45.0
2020-04-13,Berlin,59.0,3.0
2020-04-13,Brandenburg,12.0,0.0
2020-04-13,Bremen,6.0,3.0
2020-04-13,Hamburg,41.0,6.0
2020-04-13,Hessen,77.0,11.0
2020-04-13,Mecklenburg-Vorpommern,4.0,0.0
2020-04-13,Niedersachsen,80.0,11.0
2020-04-13,Nordrhein-Westfalen,292.0,22.0
2020-04-13,Rheinland-Pfalz,73.0,4.0
2020-04-13,Saarland,29.0,3.0
2020-04-13,Sachsen,40.0,6.0
2020-04-13,Sachsen-Anhalt,11.0,1.0
2020-04-13,Schleswig-Holstein,98.0,12.0
2020-04-13,Thüringen,20.0,2.0
2020-04-14,Baden-Württemberg,369.0,29.0
2020-04-14,Bayern,753.0,69.0
2020-04-14,Berlin,74.0,1.0
2020-04-14,Brandenburg,54.0,2.0
2020-04-14,Bremen,7.0,0.0
2020-04-14,Hamburg,76.0,8.0
2020-04-14,Hessen,161.0,15.0
2020-04-14,Mecklenburg-Vorpommern,3.0,1.0
2020-04-14,Niedersachsen,168.0,19.0
2020-04-14,Nordrhein-Westfalen,518.0,51.0
2020-04-14,Rheinland-Pfalz,100.0,8.0
2020-04-14,Saarland,27.0,2.0
2020-04-14,Sachsen,72.0,4.0
2020-04-14,Sachsen-Anhalt,25.0,0.0
2020-04-14,Schleswig-Holstein,17.0,1.0
2020-04-14,Thüringen,44.0,8.0
2020-04-15,Baden-Württemberg,621.0,45.0
2020-04-15,Bayern,964.0,70.0
2020-04-15,Berlin,113.0,2.0
2020-04-15,Brandenburg,66.0,9.0
2020-04-15,Bremen,15.0,1.0
2020-04-15,Hamburg,83.0,5.0
2020-04-15,Hessen,227.0,13.0
2020-04-15,Mecklenburg-Vorpommern,11.0,0.0
2020-04-15,Niedersachsen,227.0,20.0
2020-04-15,Nordrhein-Westfalen,663.0,39.0
2020-04-15,Rheinland-Pfalz,119.0,6.0
2020-04-15,Saarland,51.0,5.0
2020-04-15,Sachsen,57.0,2.0
2020-04-15,Sachsen-Anhalt,21.0,0.0
2020-04-15,Schleswig-Holstein,42.0,3.0
2020-04-15,Thüringen,42.0,5.0
2020-04-16,Baden-Württemberg,660.0,32.0
2020-04-16,Bayern,863.0,55.0
2020-04-16,Berlin,94.0,3.0
2020-04-16,Brandenburg,62.0,5.0
2020-04-16,Bremen,45.0,1.0
2020-04-16,Hamburg,73.0,9.0
2020-04-16,Hessen,207.0,15.0
2020-04-16,Mecklenburg-Vorpommern,9.0,0.0
2020-04-16,Niedersachsen,242.0,10.0
2020-04-16,Nordrhein-Westfalen,738.0,35.0
2020-04-16,Rheinland-Pfalz,116.0,7.0
2020-04-16,Saarland,48.0,4.0
2020-04-16,Sachsen,102.0,5.0
2020-04-16,Sachsen-Anhalt,25.0,2.0
2020-04-16,Schleswig-Holstein,51.0,3.0
2020-04-16,Thüringen,81.0,1.0
2020-04-17,Baden-Württemberg,554.0,29.0
2020-04-17,Bayern,777.0,52.0
2020-04-17,Berlin,120.0,6.0
2020-04-17,Brandenburg,110.0,0.0
2020-04-17,Bremen,12.0,1.0
2020-04-17,Hamburg,108.0,9.0
2020-04-17,Hessen,190.0,10.0
2020-04-17,Mecklenburg-Vorpommern,4.0,0.0
2020-04-17,Niedersachsen,197.0,11.0
2020-04-17,Nordrhein-Westfalen,635.0,34.0
2020-04-17,Rheinland-Pfalz,129.0,7.0
2020-04-17,Saarland,31.0,2.0
2020-04-17,Sachsen,44.0,5.0
2020-04-17,Sachsen-Anhalt,61.0,1.0
2020-04-17,Schleswig-Holstein,40.0,3.0
2020-04-17,Thüringen,36.0,3.0
2020-04-18,Baden-Württemberg,392.0,21.0
2020-04-18,Bayern,520.0,34.0
2020-04-18,Berlin,82.0,4.0
2020-04-18,Brandenburg,61.0,4.0
2020-04-18,Bremen,17.0,0.0
2020-04-18,Hamburg,39.0,1.0
2020-04-18,Hessen,129.0,12.0
2020-04-18,Mecklenburg-Vorpommern,6.0,1.0
2020-04-18,Niedersachsen,142.0,7.0
2020-04-18,Nordrhein-Westfalen,466.0,24.0
2020-04-18,Rheinland-Pfalz,87.0,4.0
2020-04-18,Saarland,27.0,2.0
2020-04-18,Sachsen,46.0,0.0
2020-04-18,Sachsen-Anhalt,23.0,1.0
2020-04-18,Schleswig-Holstein,25.0,2.0
2020-04-18,Thüringen,47.0,4.0
2020-04-19,Baden-Württemberg,298.0,26.0
2020-04-19,Bayern,385.0,39.0
2020-04-19,Berlin,33.0,1.0
2020-04-19,Brandenburg,29.0,2.0
2020-04-19,Bremen,12.0,0.0
2020-04-19,Hamburg,22.0,2.0
2020-04-19,Hessen,73.0,10.0
2020-04-19,Niedersachsen,97.0,9.0
2020-04-19,Nordrhein-Westfalen,339.0,26.0
2020-04-19,Rheinland-Pfalz,26.0,1.0
2020-04-19,Saarland,2.0,0.0
2020-04-19,Sachsen,23.0,0.0
2020-04-19,Sachsen-Anhalt,15.0,0.0
2020-04-19,Schleswig-Holstein,9.0,1.0
2020-04-19,Thüringen,16.0,1.0
2020-04-20,Baden-Württemberg,274.0,19.0
2020-04-20,Bayern,374.0,32.0
2020-04-20,Berlin,45.0,2.0
2020-04-20,Brandenburg,57.0,9.0
2020-04-20,Bremen,7.0,0.0
2020-04-20,Hamburg,33.0,3.0
2020-04-20,Hessen,79.0,8.0
2020-04-20,Mecklenburg-Vorpommern,2.0,0.0
2020-04-20,Niedersachsen,131.0,11.0
2020-04-20,Nordrhein-Westfalen,556.0,36.0
2020-04-20,Rheinland-Pfalz,35.0,3.0
2020-04-20,Saarland,16.0,2.0
2020-04-20,Sachsen,33.0,4.0
2020-04-20,Sachsen-Anhalt,13.0,2.0
2020-04-20,Schleswig-Holstein,28.0,4.0
2020-04-20,Thüringen,38.0,7.0
2020-04-21,Baden-Württemberg,397.0,21.0
2020-04-21,Bayern,502.0,36.0
2020-04-21,Berlin,76.0,2.0
2020-04-21,Brandenburg,66.0,4.0
2020-04-21,Bremen,17.0,4.0
2020-04-21,Hamburg,58.0,3.0
2020-04-21,Hessen,169.0,9.0
2020-04-21,Mecklenburg-Vorpommern,2.0,0.0
2020-04-21,Niedersachsen,163.0,10.0
2020-04-21,Nordrhein-Westfalen,454.0,25.0
2020-04-21,Rheinland-Pfalz,61.0,5.0
2020-04-21,Saarland,37.0,5.0
2020-04-21,Sachsen,49.0,5.0
2020-04-21,Sachsen-Anhalt,29.0,1.0
2020-04-21,Schleswig-Holstein,38.0,2.0
2020-04-21,Thüringen,75.0,4.0
2020-04-22,Baden-Württemberg,505.0,22.0
2020-04-22,Bayern,596.0,36.0
2020-04-22,Berlin,81.0,7.0
2020-04-22,Brandenburg,51.0,1.0
2020-04-22,Bremen,108.0,0.0
2020-04-22,Hamburg,49.0,2.0
2020-04-22,Hessen,176.0,12.0
2020-04-22,Mecklenburg-Vorpommern,4.0,0.0
2020-04-22,Niedersachsen,162.0,7.0
2020-04-22,Nordrhein-Westfalen,476.0,18.0
2020-04-22,Rheinland-Pfalz,85.0,8.0
2020-04-22,Saarland,44.0,6.0
2020-04-22,Sachsen,51.0,0.0
2020-04-22,Sachsen-Anhalt,16.0,0.0
2020-04-22,Schleswig-Holstein,35.0,5.0
2020-04-22,Thüringen,56.0,3.0
2020-04-23,Baden-Württemberg,423.0,21.0
2020-04-23,Bayern,571.0,37.0
2020-04-23,Berlin,86.0,2.0
2020-04-23,Brandenburg,40.0,3.0
2020-04-23,Bremen,17.0,0.0
2020-04-23,Hamburg,48.0,8.0
2020-04-23,Hessen,125.0,8.0
2020-04-23,Niedersachsen,140.0,11.0
2020-04-23,Nordrhein-Westfalen,388.0,14.0
2020-04-23,Rheinland-Pfalz,55.0,1.0
2020-04-23,Saarland,20.0,2.0
2020-04-23,Sachsen,34.0,2.0
2020-04-23,Sachsen-Anhalt,29.0,2.0
2020-04-23,Schleswig-Holstein,40.0,2.0
2020-04-23,Thüringen,66.0,2.0
2020-04-24,Baden-Württemberg,368.0,16.0
2020-04-24,Bayern,527.0,24.0
2020-04-24,Berlin,73.0,3.0
2020-04-24,Brandenburg,84.0,2.0
2020-04-24,Bremen,17.0,0.0
2020-04-24,Hamburg,42.0,1.0
2020-04-24,Hessen,101.0,6.0
2020-04-24,Mecklenburg-Vorpommern,6.0,0.0
2020-04-24,Niedersachsen,119.0,7.0
2020-04-24,Nordrhein-Westfalen,331.0,7.0
2020-04-24,Rheinland-Pfalz,62.0,5.0
2020-04-24,Saarland,22.0,3.0
2020-04-24,Sachsen,45.0,4.0
2020-04-24,Sachsen-Anhalt,23.0,2.0
2020-04-24,Schleswig-Holstein,39.0,2.0
2020-04-24,Thüringen,46.0,2.0
2020-04-25,Baden-Württemberg,316.0,21.0
2020-04-25,Bayern,310.0,18.0
2020-04-25,Berlin,54.0,6.0
2020-04-25,Brandenburg,24.0,1.0
2020-04-25,Bremen,15.0,0.0
2020-04-25,Hamburg,44.0,4.0
2020-04-25,Hessen,89.0,4.0
2020-04-25,Mecklenburg-Vorpommern,7.0,1.0
2020-04-25,Niedersachsen,67.0,3.0
2020-04-25,Nordrhein-Westfalen,222.0,11.0
2020-04-25,Rheinland-Pfalz,30.0,0.0
2020-04-25,Saarland,14.0,0.0
2020-04-25,Sachsen,22.0,0.0
2020-04-25,Sachsen-Anhalt,19.0,2.0
2020-04-25,Schleswig-Holstein,16.0,2.0
2020-04-25,Thüringen,25.0,3.0
2020-04-26,Baden-Württemberg,132.0,4.0
2020-04-26,Bayern,187.0,11.0
2020-04-26,Berlin,21.0,1.0
2020-04-26,Brandenburg,7.0,0.0
2020-04-26,Bremen,14.0,0.0
2020-04-26,Hamburg,17.0,2.0
2020-04-26,Hessen,24.0,3.0
2020-04-26,Niedersachsen,51.0,2.0
2020-04-26,Nordrhein-Westfalen,152.0,3.0
2020-04-26,Rheinland-Pfalz,30.0,0.0
2020-04-26,Saarland,17.0,0.0
2020-04-26,Sachsen,20.0,0.0
2020-04-26,Sachsen-Anhalt,5.0,0.0
2020-04-26,Schleswig-Holstein,6.0,1.0
2020-04-26,Thüringen,21.0,1.0
2020-04-27,Baden-Württemberg,169.0,4.0
2020-04-27,Bayern,339.0,22.0
2020-04-27,Berlin,56.0,10.0
2020-04-27,Brandenburg,38.0,3.0
2020-04-27,Bremen,7.0,0.0
2020-04-27,Hamburg,21.0,3.0
2020-04-27,Hessen,68.0,2.0
2020-04-27,Mecklenburg-Vorpommern,1.0,0.0
2020-04-27,Niedersachsen,76.0,10.0
2020-04-27,Nordrhein-Westfalen,225.0,12.0
2020-04-27,Rheinland-Pfalz,42.0,2.0
2020-04-27,Saarland,5.0,0.0
2020-04-27,Sachsen,21.0,2.0
2020-04-27,Sachsen-Anhalt,6.0,0.0
2020-04-27,Schleswig-Holstein,13.0,1.0
2020-04-27,Thüringen,28.0,3.0
2020-04-28,Baden-Württemberg,184.0,10.0
2020-04-28,Bayern,362.0,18.0
2020-04-28,Berlin,79.0,7.0
2020-04-28,Brandenburg,67.0,2.0
2020-04-28,Bremen,43.0,3.0
2020-04-28,Hamburg,25.0,1.0
2020-04-28,Hessen,139.0,4.0
2020-04-28,Mecklenburg-Vorpommern,13.0,0.0
2020-04-28,Niedersachsen,100.0,7.0
2020-04-28,Nordrhein-Westfalen,263.0,13.0
2020-04-28,Rheinland-Pfalz,31.0,4.0
2020-04-28,Saarland,19.0,0.0
2020-04-28,Sachsen,33.0,1.0
2020-04-28,Sachsen-Anhalt,13.0,0.0
2020-04-28,Schleswig-Holstein,21.0,0.0
2020-04-28,Thüringen,77.0,8.0
2020-04-29,Baden-Württemberg,279.0,14.0
2020-04-29,Bayern,305.0,18.0
2020-04-29,Berlin,68.0,0.0
2020-04-29,Brandenburg,37.0,1.0
2020-04-29,Bremen,42.0,0.0
2020-04-29,Hamburg,42.0,2.0
2020-04-29,Hessen,122.0,1.0
2020-04-29,Mecklenburg-Vorpommern,4.0,0.0
2020-04-29,Niedersachsen,85.0,8.0
2020-04-29,Nordrhein-Westfalen,249.0,6.0
2020-04-29,Rheinland-Pfalz,61.0,2.0
2020-04-29,Saarland,27.0,1.0
2020-04-29,Sachsen,39.0,3.0
2020-04-29,Sachsen-Anhalt,16.0,0.0
2020-04-29,Schleswig-Holstein,18.0,0.0
2020-04-29,Thüringen,43.0,3.0
2020-04-30,Baden-Württemberg,256.0,10.0
2020-04-30,Bayern,292.0,11.0
2020-04-30,Berlin,57.0,4.0
2020-04-30,Brandenburg,35.0,2.0
2020-04-30,Bremen,22.0,0.0
2020-04-30,Hamburg,25.0,1.0
2020-04-30,Hessen,104.0,6.0
2020-04-30,Mecklenburg-Vorpommern,4.0,0.0
2020-04-30,Niedersachsen,85.0,7.0
2020-04-30,Nordrhein-Westfalen,385.0,12.0
2020-04-30,Rheinland-Pfalz,46.0,2.0
2020-04-30,Saarland,23.0,1.0
2020-04-30,Sachsen,33.0,2.0
2020-04-30,Sachsen-Anhalt,12.0,1.0
2020-04-30,Schleswig-Holstein,19.0,1.0
2020-04-30,Thüringen,61.0,8.0
2020-05-01,Baden-Württemberg,152.0,8.0
2020-05-01,Bayern,221.0,21.0
2020-05-01,Berlin,25.0,0.0
2020-05-01,Brandenburg,33.0,1.0
2020-05-01,Bremen,12.0,0.0
2020-05-01,Hamburg,8.0,0.0
2020-05-01,Hessen,78.0,2.0
2020-05-01,Mecklenburg-Vorpommern,4.0,0.0
2020-05-01,Niedersachsen,39.0,0.0
2020-05-01,Nordrhein-Westfalen,231.0,12.0
2020-05-01,Rheinland-Pfalz,39.0,0.0
2020-05-01,Saarland,13.0,0.0
2020-05-01,Sachsen,22.0,0.0
2020-05-01,Sachsen-Anhalt,11.0,0.0
2020-05-01,Schleswig-Holstein,13.0,1.0
2020-05-01,Thüringen,14.0,0.0
2020-05-02,Baden-Württemberg,111.0,10.0
2020-05-02,Bayern,137.0,7.0
2020-05-02,Berlin,31.0,2.0
2020-05-02,Brandenburg,15.0,0.0
2020-05-02,Bremen,4.0,0.0
2020-05-02,Hamburg,13.0,0.0
2020-05-02,Hessen,40.0,1.0
2020-05-02,Mecklenburg-Vorpommern,2.0,0.0
2020-05-02,Niedersachsen,36.0,0.0
2020-05-02,Nordrhein-Westfalen,148.0,4.0
2020-05-02,Rheinland-Pfalz,19.0,0.0
2020-05-02,Saarland,6.0,2.0
2020-05-02,Sachsen,22.0,1.0
2020-05-02,Sachsen-Anhalt,5.0,1.0
2020-05-02,Schleswig-Holstein,11.0,2.0
2020-05-02,Thüringen,21.0,4.0
2020-05-03,Baden-Württemberg,49.0,3.0
2020-05-03,Bayern,91.0,4.0
2020-05-03,Berlin,32.0,1.0
2020-05-03,Brandenburg,6.0,0.0
2020-05-03,Bremen,17.0,0.0
2020-05-03,Hamburg,3.0,0.0
2020-05-03,Hessen,26.0,1.0
2020-05-03,Niedersachsen,14.0,0.0
2020-05-03,Nordrhein-Westfalen,121.0,5.0
2020-05-03,Saarland,4.0,0.0
2020-05-03,Sachsen,10.0,0.0
2020-05-03,Sachsen-Anhalt,4.0,0.0
2020-05-03,Schleswig-Holstein,49.0,0.0
2020-05-03,Thüringen,1.0,1.0
2020-05-04,Baden-Württemberg,77.0,3.0
2020-05-04,Bayern,164.0,7.0
2020-05-04,Berlin,52.0,0.0
2020-05-04,Brandenburg,19.0,2.0
2020-05-04,Bremen,17.0,0.0
2020-05-04,Hamburg,9.0,4.0
2020-05-04,Hessen,28.0,3.0
2020-05-04,Mecklenburg-Vorpommern,4.0,0.0
2020-05-04,Niedersachsen,93.0,8.0
2020-05-04,Nordrhein-Westfalen,172.0,6.0
2020-05-04,Rheinland-Pfalz,28.0,3.0
2020-05-04,Saarland,5.0,1.0
2020-05-04,Sachsen,6.0,0.0
2020-05-04,Sachsen-Anhalt,5.0,1.0
2020-05-04,Schleswig-Holstein,14.0,0.0
2020-05-04,Thüringen,30.0,2.0
2020-05-05,Baden-Württemberg,126.0,6.0
2020-05-05,Bayern,212.0,8.0
2020-05-05,Berlin,53.0,1.0
2020-05-05,Brandenburg,44.0,0.0
2020-05-05,Bremen,10.0,1.0
2020-05-05,Hamburg,21.0,2.0
2020-05-05,Hessen,90.0,2.0
2020-05-05,Mecklenburg-Vorpommern,7.0,0.0
2020-05-05,Niedersachsen,79.0,6.0
2020-05-05,Nordrhein-Westfalen,238.0,9.0
2020-05-05,Rheinland-Pfalz,32.0,1.0
2020-05-05,Saarland,6.0,1.0
2020-05-05,Sachsen,61.0,4.0
2020-05-05,Sachsen-Anhalt,19.0,1.0
2020-05-05,Schleswig-Holstein,49.0,0.0
2020-05-05,Thüringen,41.0,1.0
2020-05-06,Baden-Württemberg,125.0,7.0
2020-05-06,Bayern,267.0,12.0
2020-05-06,Berlin,58.0,1.0
2020-05-06,Brandenburg,26.0,0.0
2020-05-06,Bremen,54.0,0.0
2020-05-06,Hamburg,21.0,1.0
2020-05-06,Hessen,104.0,3.0
2020-05-06,Mecklenburg-Vorpommern,3.0,0.0
2020-05-06,Niedersachsen,91.0,2.0
2020-05-06,Nordrhein-Westfalen,316.0,6.0
2020-05-06,Rheinland-Pfalz,30.0,0.0
2020-05-06,Saarland,9.0,1.0
2020-05-06,Sachsen,35.0,0.0
2020-05-06,Sachsen-Anhalt,10.0,0.0
2020-05-06,Schleswig-Holstein,16.0,0.0
2020-05-06,Thüringen,45.0,5.0
2020-05-07,Baden-Württemberg,177.0,6.0
2020-05-07,Bayern,234.0,15.0
2020-05-07,Berlin,58.0,1.0
2020-05-07,Brandenburg,12.0,1.0
2020-05-07,Bremen,29.0,1.0
2020-05-07,Hamburg,17.0,0.0
2020-05-07,Hessen,83.0,4.0
2020-05-07,Mecklenburg-Vorpommern,6.0,0.0
2020-05-07,Niedersachsen,86.0,1.0
2020-05-07,Nordrhein-Westfalen,319.0,9.0
2020-05-07,Rheinland-Pfalz,37.0,3.0
2020-05-07,Saarland,10.0,0.0
2020-05-07,Sachsen,34.0,0.0
2020-05-07,Sachsen-Anhalt,12.0,1.0
2020-05-07,Schleswig-Holstein,34.0,1.0
2020-05-07,Thüringen,48.0,3.0
2020-05-08,Baden-Württemberg,205.0,12.0
2020-05-08,Bayern,209.0,12.0
2020-05-08,Berlin,4.0,0.0
2020-05-08,Brandenburg,17.0,0.0
2020-05-08,Bremen,28.0,2.0
2020-05-08,Hamburg,11.0,0.0
2020-05-08,Hessen,86.0,6.0
2020-05-08,Niedersachsen,79.0,3.0
2020-05-08,Nordrhein-Westfalen,216.0,3.0
2020-05-08,Rheinland-Pfalz,24.0,0.0
2020-05-08,Saarland,5.0,1.0
2020-05-08,Sachsen,46.0,1.0
2020-05-08,Sachsen-Anhalt,8.0,0.0
2020-05-08,Schleswig-Holstein,22.0,1.0
2020-05-08,Thüringen,26.0,0.0
2020-05-09,Baden-Württemberg,128.0,5.0
2020-05-09,Bayern,123.0,4.0
2020-05-09,Berlin,17.0,1.0
2020-05-09,Brandenburg,5.0,0.0
2020-05-09,Bremen,15.0,1.0
2020-05-09,Hamburg,10.0,0.0
2020-05-09,Hessen,47.0,1.0
2020-05-09,Mecklenburg-Vorpommern,4.0,0.0
2020-05-09,Niedersachsen,30.0,2.0
2020-05-09,Nordrhein-Westfalen,191.0,7.0
2020-05-09,Rheinland-Pfalz,28.0,0.0
2020-05-09,Saarland,4.0,0.0
2020-05-09,Sachsen,23.0,0.0
2020-05-09,Sachsen-Anhalt,4.0,1.0
2020-05-09,Schleswig-Holstein,19.0,0.0
2020-05-09,Thüringen,31.0,1.0
2020-05-10,Baden-Württemberg,53.0,1.0
2020-05-10,Bayern,78.0,6.0
2020-05-10,Berlin,8.0,0.0
2020-05-10,Brandenburg,3.0,0.0
2020-05-10,Bremen,12.0,1.0
2020-05-10,Hamburg,3.0,0.0
2020-05-10,Hessen,15.0,0.0
2020-05-10,Mecklenburg-Vorpommern,3.0,0.0
2020-05-10,Niedersachsen,10.0,1.0
2020-05-10,Nordrhein-Westfalen,104.0,2.0
2020-05-10,Rheinland-Pfalz,15.0,1.0
2020-05-10,Sachsen,8.0,0.0
2020-05-10,Sachsen-Anhalt,2.0,0.0
2020-05-10,Schleswig-Holstein,20.0,1.0
2020-05-10,Thüringen,8.0,1.0
2020-05-11,Baden-Württemberg,96.0,2.0
2020-05-11,Bayern,188.0,9.0
2020-05-11,Berlin,16.0,2.0
2020-05-11,Brandenburg,9.0,0.0
2020-05-11,Bremen,3.0,0.0
2020-05-11,Hamburg,4.0,1.0
2020-05-11,Hessen,33.0,3.0
2020-05-11,Mecklenburg-Vorpommern,3.0,0.0
2020-05-11,Niedersachsen,48.0,1.0
2020-05-11,Nordrhein-Westfalen,200.0,2.0
2020-05-11,Rheinland-Pfalz,19.0,0.0
2020-05-11,Saarland,2.0,0.0
2020-05-11,Sachsen,21.0,1.0
2020-05-11,Sachsen-Anhalt,2.0,0.0
2020-05-11,Schleswig-Holstein,5.0,1.0
2020-05-11,Thüringen,32.0,1.0
2020-05-12,Baden-Württemberg,99.0,6.0
2020-05-12,Bayern,212.0,8.0
2020-05-12,Berlin,37.0,1.0
2020-05-12,Brandenburg,6.0,0.0
2020-05-12,Bremen,20.0,0.0
2020-05-12,Hamburg,2.0,0.0
2020-05-12,Hessen,82.0,3.0
2020-05-12,Mecklenburg-Vorpommern,4.0,0.0
2020-05-12,Niedersachsen,50.0,4.0
2020-05-12,Nordrhein-Westfalen,226.0,5.0
2020-05-12,Rheinland-Pfalz,21.0,1.0
2020-05-12,Saarland,7.0,1.0
2020-05-12,Sachsen,24.0,0.0
2020-05-12,Sachsen-Anhalt,7.0,0.0
2020-05-12,Schleswig-Holstein,16.0,0.0
2020-05-12,Thüringen,28.0,0.0
2020-05-13,Baden-Württemberg,123.0,4.0
2020-05-13,Bayern,188.0,7.0
2020-05-13,Berlin,58.0,0.0
2020-05-13,Brandenburg,10.0,1.0
2020-05-13,Bremen,29.0,1.0
2020-05-13,Hamburg,14.0,0.0
2020-05-13,Hessen,70.0,1.0
2020-05-13,Mecklenburg-Vorpommern,4.0,0.0
2020-05-13,Niedersachsen,79.0,4.0
2020-05-13,Nordrhein-Westfalen,210.0,6.0
2020-05-13,Rheinland-Pfalz,39.0,0.0
2020-05-13,Saarland,7.0,0.0
2020-05-13,Sachsen,35.0,1.0
2020-05-13,Sachsen-Anhalt,9.0,0.0
2020-05-13,Schleswig-Holstein,12.0,0.0
2020-05-13,Thüringen,16.0,1.0
2020-05-14,Baden-Württemberg,104.0,6.0
2020-05-14,Bayern,208.0,4.0
2020-05-14,Berlin,45.0,1.0
2020-05-14,Brandenburg,16.0,0.0
2020-05-14,Bremen,23.0,0.0
2020-05-14,Hamburg,10.0,1.0
2020-05-14,Hessen,46.0,0.0
2020-05-14,Mecklenburg-Vorpommern,5.0,0.0
2020-05-14,Niedersachsen,40.0,1.0
2020-05-14,Nordrhein-Westfalen,192.0,4.0
2020-05-14,Rheinland-Pfalz,30.0,0.0
2020-05-14,Saarland,9.0,0.0
2020-05-14,Sachsen,39.0,1.0
2020-05-14,Sachsen-Anhalt,10.0,0.0
2020-05-14,Schleswig-Holstein,5.0,0.0
2020-05-14,Thüringen,25.0,2.0
2020-05-15,Baden-Württemberg,104.0,4.0
2020-05-15,Bayern,134.0,9.0
2020-05-15,Berlin,16.0,0.0
2020-05-15,Brandenburg,7.0,0.0
2020-05-15,Bremen,21.0,0.0
2020-05-15,Hamburg,12.0,0.0
2020-05-15,Hessen,69.0,3.0
2020-05-15,Mecklenburg-Vorpommern,2.0,0.0
2020-05-15,Niedersachsen,41.0,2.0
2020-05-15,Nordrhein-Westfalen,218.0,5.0
2020-05-15,Rheinland-Pfalz,35.0,1.0
2020-05-15,Saarland,4.0,1.0
2020-05-15,Sachsen,20.0,2.0
2020-05-15,Sachsen-Anhalt,1.0,0.0
2020-05-15,Schleswig-Holstein,7.0,0.0
2020-05-15,Thüringen,21.0,2.0
2020-05-16,Baden-Württemberg,54.0,2.0
2020-05-16,Bayern,101.0,6.0
2020-05-16,Berlin,16.0,0.0
2020-05-16,Brandenburg,13.0,0.0
2020-05-16,Bremen,19.0,2.0
2020-05-16,Hamburg,6.0,0.0
2020-05-16,Hessen,34.0,1.0
2020-05-16,Mecklenburg-Vorpommern,1.0,0.0
2020-05-16,Niedersachsen,22.0,1.0
2020-05-16,Nordrhein-Westfalen,141.0,3.0
2020-05-16,Rheinland-Pfalz,10.0,0.0
2020-05-16,Saarland,2.0,0.0
2020-05-16,Sachsen,15.0,2.0
2020-05-16,Sachsen-Anhalt,3.0,0.0
2020-05-16,Schleswig-Holstein,2.0,0.0
2020-05-16,Thüringen,24.0,1.0
2020-05-17,Baden-Württemberg,31.0,0.0
2020-05-17,Bayern,58.0,2.0
2020-05-17,Berlin,8.0,0.0
2020-05-17,Brandenburg,1.0,0.0
2020-05-17,Bremen,10.0,0.0
2020-05-17,Hamburg,1.0,1.0
2020-05-17,Hessen,74.0,2.0
2020-05-17,Mecklenburg-Vorpommern,1.0,0.0
2020-05-17,Niedersachsen,9.0,1.0
2020-05-17,Nordrhein-Westfalen,90.0,1.0
2020-05-17,Rheinland-Pfalz,17.0,0.0
2020-05-17,Sachsen,3.0,0.0
2020-05-17,Sachsen-Anhalt,2.0,0.0
2020-05-17,Schleswig-Holstein,1.0,0.0
2020-05-17,Thüringen,9.0,1.0
2020-05-18,Baden-Württemberg,41.0,9.0
2020-05-18,Bayern,87.0,4.0
2020-05-18,Berlin,33.0,1.0
2020-05-18,Brandenburg,6.0,0.0
2020-05-18,Bremen,11.0,0.0
2020-05-18,Hamburg,1.0,0.0
2020-05-18,Hessen,61.0,1.0
2020-05-18,Niedersachsen,70.0,2.0
2020-05-18,Nordrhein-Westfalen,184.0,3.0
2020-05-18,Rheinland-Pfalz,19.0,0.0
2020-05-18,Saarland,3.0,0.0
2020-05-18,Sachsen,18.0,0.0
2020-05-18,Thüringen,10.0,1.0
2020-05-19,Baden-Württemberg,102.0,9.0
2020-05-19,Bayern,107.0,4.0
2020-05-19,Berlin,46.0,3.0
2020-05-19,Brandenburg,4.0,0.0
2020-05-19,Bremen,19.0,1.0
2020-05-19,Hamburg,3.0,0.0
2020-05-19,Hessen,74.0,0.0
2020-05-19,Mecklenburg-Vorpommern,2.0,0.0
2020-05-19,Niedersachsen,62.0,5.0
2020-05-19,Nordrhein-Westfalen,193.0,1.0
2020-05-19,Rheinland-Pfalz,22.0,0.0
2020-05-19,Saarland,4.0,1.0
2020-05-19,Sachsen,32.0,1.0
2020-05-19,Sachsen-Anhalt,8.0,1.0
2020-05-19,Schleswig-Holstein,14.0,1.0
2020-05-19,Thüringen,32.0,0.0
2020-05-20,Baden-Württemberg,86.0,4.0
2020-05-20,Bayern,192.0,7.0
2020-05-20,Berlin,48.0,1.0
2020-05-20,Brandenburg,13.0,0.0
2020-05-20,Bremen,18.0,0.0
2020-05-20,Hamburg,13.0,0.0
2020-05-20,Hessen,102.0,2.0
2020-05-20,Mecklenburg-Vorpommern,8.0,0.0
2020-05-20,Niedersachsen,94.0,1.0
2020-05-20,Nordrhein-Westfalen,159.0,5.0
2020-05-20,Rheinland-Pfalz,30.0,0.0
2020-05-20,Saarland,3.0,0.0
2020-05-20,Sachsen,30.0,1.0
2020-05-20,Sachsen-Anhalt,3.0,0.0
2020-05-20,Schleswig-Holstein,9.0,0.0
2020-05-20,Thüringen,21.0,1.0
2020-05-21,Baden-Württemberg,42.0,2.0
2020-05-21,Bayern,93.0,2.0
2020-05-21,Berlin,10.0,1.0
2020-05-21,Brandenburg,3.0,0.0
2020-05-21,Bremen,16.0,0.0
2020-05-21,Hamburg,2.0,0.0
2020-05-21,Hessen,28.0,1.0
2020-05-21,Niedersachsen,50.0,0.0
2020-05-21,Nordrhein-Westfalen,107.0,0.0
2020-05-21,Rheinland-Pfalz,6.0,0.0
2020-05-21,Saarland,3.0,0.0
2020-05-21,Sachsen,11.0,1.0
2020-05-21,Sachsen-Anhalt,3.0,0.0
2020-05-21,Schleswig-Holstein,23.0,0.0
2020-05-21,Thüringen,20.0,0.0
2020-05-22,Baden-Württemberg,63.0,0.0
2020-05-22,Bayern,117.0,4.0
2020-05-22,Berlin,36.0,0.0
2020-05-22,Brandenburg,5.0,0.0
2020-05-22,Bremen,4.0,0.0
2020-05-22,Hamburg,3.0,0.0
2020-05-22,Hessen,51.0,0.0
2020-05-22,Niedersachsen,95.0,2.0
2020-05-22,Nordrhein-Westfalen,95.0,3.0
2020-05-22,Rheinland-Pfalz,12.0,0.0
2020-05-22,Saarland,3.0,0.0
2020-05-22,Sachsen,6.0,0.0
2020-05-22,Sachsen-Anhalt,1.0,0.0
2020-05-22,Schleswig-Holstein,18.0,1.0
2020-05-22,Thüringen,18.0,1.0
2020-05-23,Baden-Württemberg,49.0,3.0
2020-05-23,Bayern,79.0,2.0
2020-05-23,Berlin,8.0,0.0
2020-05-23,Brandenburg,5.0,0.0
2020-05-23,Bremen,3.0,0.0
2020-05-23,Hamburg,3.0,0.0
2020-05-23,Hessen,51.0,3.0
2020-05-23,Niedersachsen,37.0,1.0
2020-05-23,Nordrhein-Westfalen,74.0,0.0
2020-05-23,Rheinland-Pfalz,7.0,0.0
2020-05-23,Saarland,4.0,0.0
2020-05-23,Sachsen,5.0,0.0
2020-05-23,Thüringen,14.0,1.0
2020-05-24,Baden-Württemberg,17.0,0.0
2020-05-24,Bayern,94.0,0.0
2020-05-24,Berlin,3.0,0.0
2020-05-24,Brandenburg,1.0,0.0
2020-05-24,Bremen,13.0,0.0
2020-05-24,Hessen,14.0,1.0
2020-05-24,Niedersachsen,9.0,0.0
2020-05-24,Nordrhein-Westfalen,56.0,3.0
2020-05-24,Rheinland-Pfalz,1.0,0.0
2020-05-24,Saarland,1.0,0.0
2020-05-24,Sachsen,5.0,1.0
2020-05-24,Thüringen,11.0,0.0
2020-05-25,Baden-Württemberg,33.0,1.0
2020-05-25,Bayern,88.0,3.0
2020-05-25,Berlin,22.0,0.0
2020-05-25,Brandenburg,7.0,0.0
2020-05-25,Bremen,2.0,1.0
2020-05-25,Hamburg,1.0,0.0
2020-05-25,Hessen,30.0,0.0
2020-05-25,Mecklenburg-Vorpommern,1.0,0.0
2020-05-25,Niedersachsen,45.0,1.0
2020-05-25,Nordrhein-Westfalen,134.0,3.0
2020-05-25,Rheinland-Pfalz,11.0,0.0
2020-05-25,Saarland,4.0,0.0
2020-05-25,Sachsen,9.0,1.0
2020-05-25,Sachsen-Anhalt,5.0,0.0
2020-05-25,Thüringen,18.0,2.0
2020-05-26,Baden-Württemberg,57.0,3.0
2020-05-26,Bayern,134.0,5.0
2020-05-26,Berlin,22.0,0.0
2020-05-26,Brandenburg,5.0,0.0
2020-05-26,Bremen,10.0,0.0
2020-05-26,Hamburg,3.0,0.0
2020-05-26,Hessen,75.0,0.0
2020-05-26,Niedersachsen,58.0,2.0
2020-05-26,Nordrhein-Westfalen,147.0,3.0
2020-05-26,Rheinland-Pfalz,40.0,0.0
2020-05-26,Saarland,4.0,0.0
2020-05-26,Sachsen,15.0,1.0
2020-05-26,Sachsen-Anhalt,1.0,0.0
2020-05-26,Schleswig-Holstein,7.0,0.0
2020-05-26,Thüringen,36.0,1.0
2020-05-27,Baden-Württemberg,80.0,1.0
2020-05-27,Bayern,116.0,3.0
2020-05-27,Berlin,42.0,0.0
2020-05-27,Brandenburg,6.0,1.0
2020-05-27,Bremen,26.0,0.0
2020-05-27,Hamburg,1.0,0.0
2020-05-27,Hessen,46.0,0.0
2020-05-27,Niedersachsen,122.0,0.0
2020-05-27,Nordrhein-Westfalen,138.0,3.0
2020-05-27,Rheinland-Pfalz,20.0,0.0
2020-05-27,Saarland,4.0,2.0
2020-05-27,Sachsen,19.0,1.0
2020-05-27,Sachsen-Anhalt,2.0,0.0
2020-05-27,Thüringen,24.0,0.0
2020-05-28,Baden-Württemberg,60.0,2.0
2020-05-28,Bayern,87.0,0.0
2020-05-28,Berlin,25.0,0.0
2020-05-28,Brandenburg,6.0,1.0
2020-05-28,Bremen,26.0,0.0
2020-05-28,Hessen,58.0,0.0
2020-05-28,Mecklenburg-Vorpommern,1.0,0.0
2020-05-28,Niedersachsen,76.0,1.0
2020-05-28,Nordrhein-Westfalen,115.0,3.0
2020-05-28,Rheinland-Pfalz,8.0,0.0
2020-05-28,Saarland,4.0,0.0
2020-05-28,Sachsen,13.0,0.0
2020-05-28,Sachsen-Anhalt,1.0,0.0
2020-05-28,Schleswig-Holstein,6.0,0.0
2020-05-28,Thüringen,37.0,1.0
2020-05-29,Baden-Württemberg,38.0,1.0
2020-05-29,Bayern,78.0,1.0
2020-05-29,Berlin,30.0,0.0
2020-05-29,Brandenburg,3.0,0.0
2020-05-29,Bremen,29.0,0.0
2020-05-29,Hamburg,5.0,0.0
2020-05-29,Hessen,38.0,0.0
2020-05-29,Mecklenburg-Vorpommern,1.0,0.0
2020-05-29,Niedersachsen,64.0,1.0
2020-05-29,Nordrhein-Westfalen,97.0,1.0
2020-05-29,Rheinland-Pfalz,18.0,0.0
2020-05-29,Saarland,6.0,1.0
2020-05-29,Sachsen,9.0,0.0
2020-05-29,Sachsen-Anhalt,1.0,0.0
2020-05-29,Schleswig-Holstein,14.0,2.0
2020-05-29,Thüringen,16.0,0.0
2020-05-30,Baden-Württemberg,24.0,0.0
2020-05-30,Bayern,83.0,0.0
2020-05-30,Berlin,23.0,0.0
2020-05-30,Brandenburg,5.0,0.0
2020-05-30,Bremen,24.0,0.0
2020-05-30,Hamburg,1.0,0.0
2020-05-30,Hessen,34.0,0.0
2020-05-30,Niedersachsen,59.0,1.0
2020-05-30,Nordrhein-Westfalen,84.0,0.0
2020-05-30,Rheinland-Pfalz,11.0,0.0
2020-05-30,Saarland,1.0,0.0
2020-05-30,Sachsen,5.0,0.0
2020-05-30,Sachsen-Anhalt,3.0,0.0
2020-05-30,Schleswig-Holstein,4.0,0.0
2020-05-30,Thüringen,13.0,2.0
2020-05-31,Baden-Württemberg,11.0,0.0
2020-05-31,Bayern,37.0,1.0
2020-05-31,Berlin,27.0,0.0
2020-05-31,Brandenburg,1.0,0.0
2020-05-31,Bremen,7.0,0.0
2020-05-31,Hamburg,6.0,0.0
2020-05-31,Hessen,11.0,0.0
2020-05-31,Niedersachsen,23.0,0.0
2020-05-31,Nordrhein-Westfalen,44.0,0.0
2020-05-31,Saarland,1.0,0.0
2020-05-31,Schleswig-Holstein,3.0,0.0
2020-05-31,Thüringen,7.0,1.0
2020-06-01,Baden-Württemberg,7.0,0.0
2020-06-01,Bayern,20.0,1.0
2020-06-01,Berlin,2.0,0.0
2020-06-01,Bremen,1.0,1.0
2020-06-01,Hamburg,2.0,0.0
2020-06-01,Hessen,2.0,1.0
2020-06-01,Niedersachsen,42.0,0.0
2020-06-01,Nordrhein-Westfalen,44.0,1.0
2020-06-01,Rheinland-Pfalz,3.0,0.0
2020-06-01,Saarland,7.0,1.0
2020-06-01,Sachsen-Anhalt,1.0,0.0
2020-06-01,Schleswig-Holstein,5.0,0.0
2020-06-01,Thüringen,2.0,0.0
2020-06-02,Baden-Württemberg,15.0,1.0
2020-06-02,Bayern,37.0,1.0
2020-06-02,Berlin,41.0,1.0
2020-06-02,Brandenburg,4.0,0.0
2020-06-02,Bremen,11.0,1.0
2020-06-02,Hamburg,2.0,0.0
2020-06-02,Hessen,26.0,0.0
2020-06-02,Niedersachsen,56.0,0.0
2020-06-02,Nordrhein-Westfalen,91.0,2.0
2020-06-02,Rheinland-Pfalz,7.0,0.0
2020-06-02,Saarland,2.0,0.0
2020-06-02,Sachsen,2.0,0.0
2020-06-02,Sachsen-Anhalt,3.0,0.0
2020-06-02,Schleswig-Holstein,1.0,0.0
2020-06-02,Thüringen,4.0,0.0
2020-06-03,Baden-Württemberg,31.0,3.0
2020-06-03,Bayern,53.0,3.0
2020-06-03,Berlin,55.0,1.0
2020-06-03,Brandenburg,5.0,0.0
2020-06-03,Bremen,17.0,1.0
2020-06-03,Hamburg,10.0,0.0
2020-06-03,Hessen,34.0,0.0
2020-06-03,Mecklenburg-Vorpommern,2.0,0.0
2020-06-03,Niedersachsen,120.0,1.0
2020-06-03,Nordrhein-Westfalen,118.0,0.0
2020-06-03,Rheinland-Pfalz,15.0,1.0
2020-06-03,Saarland,3.0,0.0
2020-06-03,Sachsen,9.0,0.0
2020-06-03,Thüringen,20.0,0.0
2020-06-04,Baden-Württemberg,47.0,3.0
2020-06-04,Bayern,84.0,1.0
2020-06-04,Berlin,32.0,0.0
2020-06-04,Brandenburg,3.0,0.0
2020-06-04,Bremen,34.0,0.0
2020-06-04,Hamburg,5.0,0.0
2020-06-04,Hessen,29.0,1.0
2020-06-04,Mecklenburg-Vorpommern,1.0,0.0
2020-06-04,Niedersachsen,100.0,1.0
2020-06-04,Nordrhein-Westfalen,133.0,1.0
2020-06-04,Rheinland-Pfalz,28.0,0.0
2020-06-04,Saarland,1.0,0.0
2020-06-04,Sachsen,6.0,0.0
2020-06-04,Sachsen-Anhalt,6.0,0.0
2020-06-04,Thüringen,16.0,0.0
2020-06-05,Baden-Württemberg,35.0,0.0
2020-06-05,Bayern,57.0,1.0
2020-06-05,Berlin,35.0,1.0
2020-06-05,Brandenburg,4.0,1.0
2020-06-05,Bremen,15.0,0.0
2020-06-05,Hamburg,5.0,0.0
2020-06-05,Hessen,24.0,0.0
2020-06-05,Mecklenburg-Vorpommern,3.0,0.0
2020-06-05,Niedersachsen,94.0,0.0
2020-06-05,Nordrhein-Westfalen,114.0,2.0
2020-06-05,Rheinland-Pfalz,22.0,0.0
2020-06-05,Saarland,4.0,0.0
2020-06-05,Sachsen,5.0,1.0
2020-06-05,Sachsen-Anhalt,2.0,0.0
2020-06-05,Schleswig-Holstein,2.0,0.0
2020-06-05,Thüringen,20.0,0.0
2020-06-06,Baden-Württemberg,31.0,0.0
2020-06-06,Bayern,23.0,1.0
2020-06-06,Berlin,16.0,0.0
2020-06-06,Brandenburg,1.0,0.0
2020-06-06,Bremen,5.0,0.0
2020-06-06,Hamburg,1.0,0.0
2020-06-06,Hessen,19.0,0.0
2020-06-06,Mecklenburg-Vorpommern,7.0,0.0
2020-06-06,Niedersachsen,60.0,0.0
2020-06-06,Nordrhein-Westfalen,94.0,2.0
2020-06-06,Rheinland-Pfalz,8.0,0.0
2020-06-06,Saarland,5.0,0.0
2020-06-06,Sachsen,5.0,0.0
2020-06-06,Schleswig-Holstein,2.0,0.0
2020-06-06,Thüringen,6.0,1.0
2020-06-07,Baden-Württemberg,13.0,1.0
2020-06-07,Bayern,39.0,3.0
2020-06-07,Berlin,8.0,0.0
2020-06-07,Bremen,14.0,0.0
2020-06-07,Hamburg,1.0,0.0
2020-06-07,Hessen,8.0,0.0
2020-06-07,Niedersachsen,31.0,0.0
2020-06-07,Nordrhein-Westfalen,41.0,0.0
2020-06-07,Rheinland-Pfalz,1.0,0.0
2020-06-07,Saarland,1.0,0.0
2020-06-07,Sachsen-Anhalt,1.0,0.0
2020-06-07,Schleswig-Holstein,1.0,0.0
2020-06-07,Thüringen,6.0,0.0
2020-06-08,Baden-Württemberg,10.0,0.0
2020-06-08,Bayern,41.0,0.0
2020-06-08,Berlin,29.0,0.0
2020-06-08,Brandenburg,2.0,0.0
2020-06-08,Bremen,1.0,0.0
2020-06-08,Hamburg,3.0,0.0
2020-06-08,Hessen,36.0,0.0
2020-06-08,Niedersachsen,55.0,1.0
2020-06-08,Nordrhein-Westfalen,85.0,2.0
2020-06-08,Rheinland-Pfalz,15.0,0.0
2020-06-08,Saarland,9.0,0.0
2020-06-08,Sachsen,3.0,0.0
2020-06-08,Schleswig-Holstein,2.0,0.0
2020-06-08,Thüringen,6.0,0.0
2020-06-09,Baden-Württemberg,30.0,0.0
2020-06-09,Bayern,45.0,0.0
2020-06-09,Berlin,56.0,0.0
2020-06-09,Brandenburg,6.0,0.0
2020-06-09,Bremen,15.0,0.0
2020-06-09,Hamburg,2.0,0.0
2020-06-09,Hessen,17.0,0.0
2020-06-09,Mecklenburg-Vorpommern,3.0,0.0
2020-06-09,Niedersachsen,76.0,0.0
2020-06-09,Nordrhein-Westfalen,122.0,1.0
2020-06-09,Rheinland-Pfalz,16.0,0.0
2020-06-09,Saarland,7.0,0.0
2020-06-09,Sachsen,7.0,0.0
2020-06-09,Sachsen-Anhalt,8.0,0.0
2020-06-09,Schleswig-Holstein,1.0,0.0
2020-06-09,Thüringen,14.0,0.0
2020-06-10,Baden-Württemberg,51.0,1.0
2020-06-10,Bayern,75.0,1.0
2020-06-10,Berlin,80.0,1.0
2020-06-10,Brandenburg,5.0,0.0
2020-06-10,Bremen,17.0,0.0
2020-06-10,Hamburg,4.0,0.0
2020-06-10,Hessen,37.0,2.0
2020-06-10,Mecklenburg-Vorpommern,1.0,0.0
2020-06-10,Niedersachsen,64.0,1.0
2020-06-10,Nordrhein-Westfalen,144.0,1.0
2020-06-10,Rheinland-Pfalz,7.0,0.0
2020-06-10,Saarland,5.0,0.0
2020-06-10,Sachsen,3.0,0.0
2020-06-10,Sachsen-Anhalt,3.0,1.0
2020-06-10,Schleswig-Holstein,2.0,0.0
2020-06-10,Thüringen,22.0,1.0
2020-06-11,Baden-Württemberg,13.0,1.0
2020-06-11,Bayern,35.0,0.0
2020-06-11,Berlin,50.0,0.0
2020-06-11,Brandenburg,5.0,0.0
2020-06-11,Bremen,8.0,0.0
2020-06-11,Hamburg,7.0,0.0
2020-06-11,Hessen,9.0,0.0
2020-06-11,Mecklenburg-Vorpommern,2.0,0.0
2020-06-11,Niedersachsen,50.0,0.0
2020-06-11,Nordrhein-Westfalen,71.0,0.0
2020-06-11,Rheinland-Pfalz,1.0,0.0
2020-06-11,Sachsen,1.0,0.0
2020-06-11,Sachsen-Anhalt,3.0,0.0
2020-06-11,Schleswig-Holstein,3.0,0.0
2020-06-11,Thüringen,19.0,0.0
2020-06-12,Baden-Württemberg,31.0,0.0
2020-06-12,Bayern,32.0,2.0
2020-06-12,Berlin,42.0,1.0
2020-06-12,Brandenburg,8.0,0.0
2020-06-12,Bremen,8.0,1.0
2020-06-12,Hamburg,4.0,0.0
2020-06-12,Hessen,25.0,0.0
2020-06-12,Mecklenburg-Vorpommern,2.0,0.0
2020-06-12,Niedersachsen,75.0,4.0
2020-06-12,Nordrhein-Westfalen,83.0,0.0
2020-06-12,Rheinland-Pfalz,11.0,0.0
2020-06-12,Saarland,1.0,0.0
2020-06-12,Sachsen,4.0,0.0
2020-06-12,Sachsen-Anhalt,13.0,1.0
2020-06-12,Schleswig-Holstein,1.0,1.0
2020-06-12,Thüringen,7.0,0.0
2020-06-13,Baden-Württemberg,10.0,0.0
2020-06-13,Bayern,22.0,0.0
2020-06-13,Berlin,67.0,0.0
2020-06-13,Brandenburg,5.0,0.0
2020-06-13,Bremen,8.0,0.0
2020-06-13,Hamburg,3.0,0.0
2020-06-13,Hessen,19.0,0.0
2020-06-13,Niedersachsen,30.0,0.0
2020-06-13,Nordrhein-Westfalen,110.0,1.0
2020-06-13,Rheinland-Pfalz,1.0,0.0
2020-06-13,Saarland,1.0,0.0
2020-06-13,Sachsen-Anhalt,11.0,0.0
2020-06-13,Thüringen,11.0,0.0
2020-06-14,Baden-Württemberg,20.0,0.0
2020-06-14,Bayern,18.0,0.0
2020-06-14,Berlin,12.0,0.0
2020-06-14,Brandenburg,1.0,0.0
2020-06-14,Bremen,3.0,1.0
2020-06-14,Hamburg,1.0,0.0
2020-06-14,Hessen,6.0,0.0
2020-06-14,Mecklenburg-Vorpommern,1.0,0.0
2020-06-14,Niedersachsen,13.0,0.0
2020-06-14,Nordrhein-Westfalen,75.0,5.0
2020-06-14,Rheinland-Pfalz,3.0,0.0
2020-06-14,Sachsen,1.0,0.0
2020-06-14,Sachsen-Anhalt,12.0,0.0
2020-06-14,Thüringen,5.0,0.0
2020-06-15,Baden-Württemberg,17.0,0.0
2020-06-15,Bayern,35.0,1.0
2020-06-15,Berlin,31.0,0.0
2020-06-15,Brandenburg,11.0,0.0
2020-06-15,Bremen,1.0,0.0
2020-06-15,Hamburg,1.0,0.0
2020-06-15,Hessen,8.0,0.0
2020-06-15,Mecklenburg-Vorpommern,2.0,0.0
2020-06-15,Niedersachsen,36.0,1.0
2020-06-15,Nordrhein-Westfalen,98.0,2.0
2020-06-15,Rheinland-Pfalz,9.0,0.0
2020-06-15,Sachsen,1.0,0.0
2020-06-15,Sachsen-Anhalt,6.0,0.0
2020-06-15,Schleswig-Holstein,2.0,0.0
2020-06-15,Thüringen,2.0,0.0
2020-06-16,Baden-Württemberg,37.0,1.0
2020-06-16,Bayern,43.0,2.0
2020-06-16,Berlin,75.0,0.0
2020-06-16,Brandenburg,12.0,0.0
2020-06-16,Bremen,14.0,0.0
2020-06-16,Hamburg,3.0,0.0
2020-06-16,Hessen,41.0,1.0
2020-06-16,Mecklenburg-Vorpommern,2.0,0.0
2020-06-16,Niedersachsen,59.0,1.0
2020-06-16,Nordrhein-Westfalen,201.0,5.0
2020-06-16,Rheinland-Pfalz,12.0,0.0
2020-06-16,Saarland,1.0,0.0
2020-06-16,Sachsen,10.0,0.0
2020-06-16,Sachsen-Anhalt,12.0,0.0
2020-06-16,Schleswig-Holstein,1.0,0.0
2020-06-16,Thüringen,15.0,0.0
2020-06-17,Baden-Württemberg,24.0,0.0
2020-06-17,Bayern,43.0,0.0
2020-06-17,Berlin,85.0,0.0
2020-06-17,Brandenburg,7.0,0.0
2020-06-17,Bremen,12.0,0.0
2020-06-17,Hamburg,7.0,0.0
2020-06-17,Hessen,58.0,0.0
2020-06-17,Mecklenburg-Vorpommern,5.0,0.0
2020-06-17,Niedersachsen,55.0,4.0
2020-06-17,Nordrhein-Westfalen,609.0,1.0
2020-06-17,Rheinland-Pfalz,17.0,0.0
2020-06-17,Saarland,2.0,0.0
2020-06-17,Sachsen,32.0,0.0
2020-06-17,Sachsen-Anhalt,20.0,0.0
2020-06-17,Thüringen,6.0,0.0
2020-06-18,Baden-Württemberg,25.0,0.0
2020-06-18,Bayern,46.0,1.0
2020-06-18,Berlin,128.0,0.0
2020-06-18,Brandenburg,13.0,0.0
2020-06-18,Bremen,7.0,0.0
2020-06-18,Hamburg,8.0,0.0
2020-06-18,Hessen,47.0,0.0
2020-06-18,Niedersachsen,84.0,1.0
2020-06-18,Nordrhein-Westfalen,223.0,0.0
2020-06-18,Rheinland-Pfalz,13.0,0.0
2020-06-18,Saarland,2.0,0.0
2020-06-18,Sachsen,14.0,0.0
2020-06-18,Sachsen-Anhalt,10.0,0.0
2020-06-18,Schleswig-Holstein,9.0,0.0
2020-06-18,Thüringen,5.0,0.0
2020-06-19,Baden-Württemberg,35.0,0.0
2020-06-19,Bayern,40.0,0.0
2020-06-19,Berlin,137.0,1.0
2020-06-19,Brandenburg,16.0,0.0
2020-06-19,Bremen,10.0,3.0
2020-06-19,Hamburg,4.0,0.0
2020-06-19,Hessen,58.0,2.0
2020-06-19,Mecklenburg-Vorpommern,1.0,0.0
2020-06-19,Niedersachsen,77.0,0.0
2020-06-19,Nordrhein-Westfalen,462.0,0.0
2020-06-19,Rheinland-Pfalz,11.0,0.0
2020-06-19,Saarland,1.0,0.0
2020-06-19,Sachsen,10.0,0.0
2020-06-19,Sachsen-Anhalt,21.0,0.0
2020-06-19,Schleswig-Holstein,2.0,0.0
2020-06-19,Thüringen,6.0,0.0
2020-06-20,Baden-Württemberg,36.0,0.0
2020-06-20,Bayern,33.0,0.0
2020-06-20,Berlin,34.0,0.0
2020-06-20,Brandenburg,14.0,0.0
2020-06-20,Bremen,8.0,0.0
2020-06-20,Hamburg,4.0,0.0
2020-06-20,Hessen,20.0,0.0
2020-06-20,Niedersachsen,43.0,0.0
2020-06-20,Nordrhein-Westfalen,309.0,3.0
2020-06-20,Rheinland-Pfalz,10.0,0.0
2020-06-20,Saarland,1.0,0.0
2020-06-20,Sachsen,6.0,0.0
2020-06-20,Sachsen-Anhalt,3.0,0.0
2020-06-20,Schleswig-Holstein,1.0,0.0
2020-06-20,Thüringen,8.0,0.0
2020-06-21,Baden-Württemberg,11.0,1.0
2020-06-21,Bayern,28.0,1.0
2020-06-21,Berlin,20.0,0.0
2020-06-21,Bremen,3.0,0.0
2020-06-21,Hamburg,4.0,0.0
2020-06-21,Hessen,7.0,0.0
2020-06-21,Niedersachsen,12.0,0.0
2020-06-21,Nordrhein-Westfalen,156.0,0.0
2020-06-21,Rheinland-Pfalz,1.0,1.0
2020-06-21,Sachsen,5.0,0.0
2020-06-21,Sachsen-Anhalt,8.0,0.0
2020-06-21,Schleswig-Holstein,2.0,0.0
2020-06-22,Baden-Württemberg,24.0,0.0
2020-06-22,Bayern,41.0,0.0
2020-06-22,Berlin,63.0,0.0
2020-06-22,Brandenburg,4.0,0.0
2020-06-22,Bremen,6.0,0.0
2020-06-22,Hamburg,3.0,0.0
2020-06-22,Hessen,20.0,0.0
2020-06-22,Niedersachsen,16.0,0.0
2020-06-22,Nordrhein-Westfalen,289.0,0.0
2020-06-22,Rheinland-Pfalz,5.0,0.0
2020-06-22,Saarland,1.0,1.0
2020-06-22,Sachsen,4.0,0.0
2020-06-22,Sachsen-Anhalt,6.0,0.0
2020-06-22,Thüringen,5.0,0.0
2020-06-23,Baden-Württemberg,35.0,0.0
2020-06-23,Bayern,46.0,3.0
2020-06-23,Berlin,69.0,0.0
2020-06-23,Brandenburg,13.0,0.0
2020-06-23,Hamburg,9.0,0.0
2020-06-23,Hessen,38.0,0.0
2020-06-23,Mecklenburg-Vorpommern,1.0,0.0
2020-06-23,Niedersachsen,70.0,0.0
2020-06-23,Nordrhein-Westfalen,228.0,2.0
2020-06-23,Rheinland-Pfalz,17.0,0.0
2020-06-23,Sachsen,8.0,0.0
2020-06-23,Sachsen-Anhalt,2.0,0.0
2020-06-23,Schleswig-Holstein,1.0,0.0
2020-06-23,Thüringen,2.0,0.0
2020-06-24,Baden-Württemberg,42.0,0.0
2020-06-24,Bayern,56.0,1.0
2020-06-24,Berlin,57.0,0.0
2020-06-24,Brandenburg,11.0,0.0
2020-06-24,Bremen,2.0,0.0
2020-06-24,Hamburg,11.0,0.0
2020-06-24,Hessen,27.0,0.0
2020-06-24,Mecklenburg-Vorpommern,2.0,0.0
2020-06-24,Niedersachsen,34.0,0.0
2020-06-24,Nordrhein-Westfalen,240.0,1.0
2020-06-24,Rheinland-Pfalz,7.0,0.0
2020-06-24,Saarland,1.0,0.0
2020-06-24,Sachsen,1.0,0.0
2020-06-24,Sachsen-Anhalt,4.0,0.0
2020-06-24,Schleswig-Holstein,4.0,0.0
2020-06-24,Thüringen,3.0,0.0
2020-06-25,Baden-Württemberg,42.0,1.0
2020-06-25,Bayern,59.0,2.0
2020-06-25,Berlin,61.0,1.0
2020-06-25,Brandenburg,3.0,0.0
2020-06-25,Bremen,3.0,0.0
2020-06-25,Hamburg,4.0,0.0
2020-06-25,Hessen,39.0,0.0
2020-06-25,Mecklenburg-Vorpommern,1.0,0.0
2020-06-25,Niedersachsen,41.0,0.0
2020-06-25,Nordrhein-Westfalen,278.0,0.0
2020-06-25,Rheinland-Pfalz,13.0,0.0
2020-06-25,Saarland,1.0,0.0
2020-06-25,Sachsen,4.0,0.0
2020-06-25,Sachsen-Anhalt,2.0,0.0
2020-06-25,Schleswig-Holstein,6.0,0.0
2020-06-25,Thüringen,4.0,0.0
2020-06-26,Baden-Württemberg,71.0,1.0
2020-06-26,Bayern,86.0,0.0
2020-06-26,Berlin,43.0,0.0
2020-06-26,Brandenburg,6.0,0.0
2020-06-26,Bremen,1.0,0.0
2020-06-26,Hamburg,8.0,0.0
2020-06-26,Hessen,29.0,0.0
2020-06-26,Mecklenburg-Vorpommern,2.0,0.0
2020-06-26,Niedersachsen,39.0,2.0
2020-06-26,Nordrhein-Westfalen,259.0,1.0
2020-06-26,Rheinland-Pfalz,16.0,0.0
2020-06-26,Saarland,2.0,0.0
2020-06-26,Sachsen-Anhalt,4.0,0.0
2020-06-26,Schleswig-Holstein,1.0,0.0
2020-06-26,Thüringen,5.0,0.0
2020-06-27,Baden-Württemberg,35.0,0.0
2020-06-27,Bayern,43.0,1.0
2020-06-27,Berlin,17.0,0.0
2020-06-27,Brandenburg,1.0,0.0
2020-06-27,Bremen,2.0,0.0
2020-06-27,Hamburg,2.0,0.0
2020-06-27,Hessen,19.0,0.0
2020-06-27,Mecklenburg-Vorpommern,2.0,0.0
2020-06-27,Niedersachsen,29.0,0.0
2020-06-27,Nordrhein-Westfalen,163.0,1.0
2020-06-27,Rheinland-Pfalz,10.0,0.0
2020-06-27,Saarland,1.0,0.0
2020-06-27,Sachsen,1.0,0.0
2020-06-27,Sachsen-Anhalt,2.0,0.0
2020-06-27,Schleswig-Holstein,3.0,0.0
2020-06-28,Baden-Württemberg,11.0,0.0
2020-06-28,Bayern,32.0,0.0
2020-06-28,Berlin,2.0,0.0
2020-06-28,Brandenburg,2.0,0.0
2020-06-28,Hamburg,7.0,0.0
2020-06-28,Hessen,2.0,0.0
2020-06-28,Niedersachsen,14.0,0.0
2020-06-28,Nordrhein-Westfalen,115.0,0.0
2020-06-28,Rheinland-Pfalz,7.0,0.0
2020-06-28,Saarland,1.0,0.0
2020-06-28,Sachsen,2.0,0.0
2020-06-28,Sachsen-Anhalt,2.0,0.0
2020-06-28,Schleswig-Holstein,1.0,0.0
2020-06-29,Baden-Württemberg,14.0,0.0
2020-06-29,Bayern,62.0,0.0
2020-06-29,Berlin,53.0,2.0
2020-06-29,Brandenburg,5.0,0.0
2020-06-29,Bremen,1.0,0.0
2020-06-29,Hamburg,1.0,0.0
2020-06-29,Hessen,20.0,0.0
2020-06-29,Mecklenburg-Vorpommern,1.0,0.0
2020-06-29,Niedersachsen,31.0,1.0
2020-06-29,Nordrhein-Westfalen,205.0,0.0
2020-06-29,Rheinland-Pfalz,15.0,0.0
2020-06-29,Sachsen,3.0,0.0
2020-06-29,Schleswig-Holstein,3.0,0.0
2020-06-29,Thüringen,2.0,0.0
2020-06-30,Baden-Württemberg,48.0,0.0
2020-06-30,Bayern,83.0,0.0
2020-06-30,Berlin,35.0,1.0
2020-06-30,Brandenburg,4.0,0.0
2020-06-30,Bremen,5.0,0.0
2020-06-30,Hamburg,3.0,0.0
2020-06-30,Hessen,30.0,0.0
2020-06-30,Mecklenburg-Vorpommern,1.0,0.0
2020-06-30,Niedersachsen,25.0,0.0
2020-06-30,Nordrhein-Westfalen,177.0,0.0
2020-06-30,Rheinland-Pfalz,27.0,0.0
2020-06-30,Sachsen,4.0,0.0
2020-06-30,Sachsen-Anhalt,3.0,0.0
2020-06-30,Schleswig-Holstein,5.0,0.0
2020-06-30,Thüringen,5.0,0.0
2020-07-01,Baden-Württemberg,47.0,0.0
2020-07-01,Bayern,62.0,1.0
2020-07-01,Berlin,46.0,1.0
2020-07-01,Brandenburg,9.0,0.0
2020-07-01,Bremen,4.0,0.0
2020-07-01,Hamburg,9.0,0.0
2020-07-01,Hessen,50.0,0.0
2020-07-01,Niedersachsen,32.0,0.0
2020-07-01,Nordrhein-Westfalen,175.0,1.0
2020-07-01,Rheinland-Pfalz,29.0,0.0
2020-07-01,Saarland,1.0,0.0
2020-07-01,Sachsen,1.0,0.0
2020-07-01,Sachsen-Anhalt,1.0,0.0
2020-07-01,Schleswig-Holstein,12.0,0.0
2020-07-01,Thüringen,1.0,0.0
2020-07-02,Baden-Württemberg,32.0,0.0
2020-07-02,Bayern,69.0,0.0
2020-07-02,Berlin,57.0,1.0
2020-07-02,Brandenburg,8.0,1.0
2020-07-02,Bremen,4.0,0.0
2020-07-02,Hamburg,2.0,0.0
2020-07-02,Hessen,29.0,0.0
2020-07-02,Mecklenburg-Vorpommern,1.0,0.0
2020-07-02,Niedersachsen,31.0,1.0
2020-07-02,Nordrhein-Westfalen,202.0,1.0
2020-07-02,Rheinland-Pfalz,7.0,0.0
2020-07-02,Saarland,1.0,0.0
2020-07-02,Sachsen,4.0,0.0
2020-07-02,Sachsen-Anhalt,4.0,0.0
2020-07-02,Schleswig-Holstein,5.0,0.0
2020-07-02,Thüringen,10.0,0.0
2020-07-03,Baden-Württemberg,40.0,0.0
2020-07-03,Bayern,83.0,0.0
2020-07-03,Berlin,41.0,0.0
2020-07-03,Brandenburg,10.0,0.0
2020-07-03,Hamburg,2.0,0.0
2020-07-03,Hessen,31.0,1.0
2020-07-03,Niedersachsen,32.0,0.0
2020-07-03,Nordrhein-Westfalen,169.0,3.0
2020-07-03,Rheinland-Pfalz,8.0,0.0
2020-07-03,Sachsen,2.0,0.0
2020-07-03,Sachsen-Anhalt,3.0,0.0
2020-07-03,Schleswig-Holstein,4.0,0.0
2020-07-04,Baden-Württemberg,21.0,0.0
2020-07-04,Bayern,70.0,0.0
2020-07-04,Berlin,31.0,0.0
2020-07-04,Brandenburg,6.0,0.0
2020-07-04,Bremen,3.0,0.0
2020-07-04,Hamburg,1.0,0.0
2020-07-04,Hessen,17.0,0.0
2020-07-04,Niedersachsen,6.0,0.0
2020-07-04,Nordrhein-Westfalen,121.0,0.0
2020-07-04,Rheinland-Pfalz,8.0,0.0
2020-07-04,Saarland,1.0,0.0
2020-07-04,Sachsen-Anhalt,1.0,0.0
2020-07-04,Schleswig-Holstein,3.0,0.0
2020-07-04,Thüringen,3.0,0.0
2020-07-05,Baden-Württemberg,4.0,0.0
2020-07-05,Bayern,28.0,0.0
2020-07-05,Berlin,2.0,0.0
2020-07-05,Bremen,1.0,0.0
2020-07-05,Hamburg,3.0,1.0
2020-07-05,Hessen,10.0,0.0
2020-07-05,Niedersachsen,17.0,1.0
2020-07-05,Nordrhein-Westfalen,60.0,1.0
2020-07-05,Rheinland-Pfalz,1.0,0.0
2020-07-05,Sachsen-Anhalt,10.0,0.0
2020-07-05,Schleswig-Holstein,5.0,0.0
2020-07-05,Thüringen,2.0,0.0
2020-07-06,Baden-Württemberg,37.0,0.0
2020-07-06,Bayern,82.0,0.0
2020-07-06,Berlin,33.0,2.0
2020-07-06,Brandenburg,5.0,0.0
2020-07-06,Hamburg,3.0,0.0
2020-07-06,Hessen,27.0,0.0
2020-07-06,Niedersachsen,25.0,0.0
2020-07-06,Nordrhein-Westfalen,81.0,2.0
2020-07-06,Rheinland-Pfalz,8.0,0.0
2020-07-06,Sachsen,4.0,0.0
2020-07-06,Sachsen-Anhalt,3.0,0.0
2020-07-06,Thüringen,5.0,0.0
2020-07-07,Baden-Württemberg,36.0,0.0
2020-07-07,Bayern,90.0,0.0
2020-07-07,Berlin,37.0,0.0
2020-07-07,Brandenburg,2.0,0.0
2020-07-07,Bremen,2.0,0.0
2020-07-07,Hamburg,4.0,0.0
2020-07-07,Hessen,29.0,0.0
2020-07-07,Niedersachsen,13.0,0.0
2020-07-07,Nordrhein-Westfalen,150.0,2.0
2020-07-07,Rheinland-Pfalz,7.0,0.0
2020-07-07,Saarland,2.0,0.0
2020-07-07,Sachsen,3.0,0.0
2020-07-07,Sachsen-Anhalt,3.0,0.0
2020-07-07,Schleswig-Holstein,4.0,0.0
2020-07-07,Thüringen,7.0,0.0
2020-07-08,Baden-Württemberg,45.0,0.0
2020-07-08,Bayern,70.0,1.0
2020-07-08,Berlin,46.0,0.0
2020-07-08,Bremen,3.0,0.0
2020-07-08,Hamburg,3.0,0.0
2020-07-08,Hessen,52.0,0.0
2020-07-08,Niedersachsen,18.0,1.0
2020-07-08,Nordrhein-Westfalen,184.0,3.0
2020-07-08,Rheinland-Pfalz,12.0,0.0
2020-07-08,Saarland,1.0,0.0
2020-07-08,Sachsen,3.0,0.0
2020-07-08,Sachsen-Anhalt,3.0,0.0
2020-07-08,Schleswig-Holstein,7.0,1.0
2020-07-08,Thüringen,3.0,0.0
2020-07-09,Baden-Württemberg,26.0,0.0
2020-07-09,Bayern,44.5,0.5
2020-07-09,Berlin,16.5,0.0
2020-07-09,Brandenburg,2.5,0.0
2020-07-09,Bremen,2.0,0.0
2020-07-09,Hamburg,1.0,0.0
2020-07-09,Hessen,19.5,0.5
2020-07-09,Niedersachsen,7.0,0.0
2020-07-09,Nordrhein-Westfalen,78.0,0.5
2020-07-09,Rheinland-Pfalz,9.0,0.0
2020-07-09,Saarland,1.5,0.0
2020-07-09,Sachsen,1.5,0.0
2020-07-09,Sachsen-Anhalt,2.0,0.0
2020-07-09,Schleswig-Holstein,1.5,0.0
2020-07-09,Thüringen,1.0,0.0
2020-07-10,Baden-Württemberg,19.0,0.0
2020-07-10,Bayern,45.0,0.0
2020-07-10,Berlin,16.5,0.5
2020-07-10,Brandenburg,1.5,0.0
2020-07-10,Bremen,0.5,0.0
2020-07-10,Hamburg,1.0,0.0
2020-07-10,Hessen,21.0,0.0
2020-07-10,Niedersachsen,5.5,0.0
2020-07-10,Nordrhein-Westfalen,84.5,0.5
2020-07-10,Rheinland-Pfalz,8.5,0.0
2020-07-10,Saarland,2.0,0.0
2020-07-10,Sachsen,1.0,0.0
2020-07-10,Sachsen-Anhalt,4.0,0.0
2020-07-10,Schleswig-Holstein,0.5,0.0
2020-07-10,Thüringen,0.5,0.0
2020-07-11,Baden-Württemberg,1.0,0.0
2020-07-12,Bremen,0.5,0.0
2020-07-12,Hessen,1.5,0.0
2020-07-12,Niedersachsen,1.0,0.0
2020-07-12,Nordrhein-Westfalen,31.0,0.0
2020-07-12,Schleswig-Holstein,4.0,0.0
2020-07-13,Baden-Württemberg,22.5,0.0
2020-07-13,Bayern,30.0,0.5
2020-07-13,Berlin,13.5,0.0
2020-07-13,Brandenburg,1.0,0.0
2020-07-13,Bremen,0.5,0.0
2020-07-13,Hamburg,0.5,0.0
2020-07-13,Hessen,15.5,0.0
2020-07-13,Niedersachsen,10.5,0.0
2020-07-13,Nordrhein-Westfalen,47.0,1.0
2020-07-13,Rheinland-Pfalz,14.5,0.0
2020-07-13,Saarland,1.0,0.0
2020-07-13,Sachsen,1.0,0.0
2020-07-13,Schleswig-Holstein,4.0,0.5
2020-07-13,Thüringen,1.5,0.0
2020-07-14,Baden-Württemberg,31.0,0.0
2020-07-14,Bayern,42.5,0.0
2020-07-14,Berlin,12.5,0.0
2020-07-14,Brandenburg,3.0,0.0
2020-07-14,Hamburg,1.5,0.0
2020-07-14,Hessen,20.5,0.0
2020-07-14,Niedersachsen,13.5,0.0
2020-07-14,Nordrhein-Westfalen,78.0,0.0
2020-07-14,Rheinland-Pfalz,11.5,0.0
2020-07-14,Saarland,1.0,0.0
2020-07-14,Sachsen,2.0,0.0
2020-07-14,Sachsen-Anhalt,5.0,0.0
2020-07-14,Schleswig-Holstein,3.5,0.0
2020-07-14,Thüringen,3.5,0.0
2020-07-15,Baden-Württemberg,23.0,1.0
2020-07-15,Bayern,53.0,0.0
2020-07-15,Berlin,12.0,0.0
2020-07-15,Brandenburg,2.0,0.0
2020-07-15,Bremen,3.0,0.0
2020-07-15,Hamburg,0.5,0.0
2020-07-15,Hessen,24.0,0.0
2020-07-15,Mecklenburg-Vorpommern,0.5,0.0
2020-07-15,Niedersachsen,14.5,0.0
2020-07-15,Nordrhein-Westfalen,109.5,0.5
2020-07-15,Rheinland-Pfalz,11.0,0.0
2020-07-15,Saarland,0.5,0.0
2020-07-15,Sachsen,1.0,0.0
2020-07-15,Sachsen-Anhalt,3.0,0.0
2020-07-15,Schleswig-Holstein,4.0,0.0
2020-07-15,Thüringen,4.5,0.0
2020-07-16,Baden-Württemberg,29.0,0.0
2020-07-16,Bayern,48.5,1.0
2020-07-16,Berlin,8.5,0.0
2020-07-16,Brandenburg,1.0,0.0
2020-07-16,Bremen,2.0,0.0
2020-07-16,Hamburg,3.0,0.0
2020-07-16,Hessen,20.0,0.0
2020-07-16,Niedersachsen,12.5,0.0
2020-07-16,Nordrhein-Westfalen,131.0,1.5
2020-07-16,Rheinland-Pfalz,14.5,0.0
2020-07-16,Saarland,1.5,0.0
2020-07-16,Sachsen,1.5,0.0
2020-07-16,Sachsen-Anhalt,1.5,0.0
2020-07-16,Schleswig-Holstein,1.0,0.0
2020-07-16,Thüringen,2.5,0.0
2020-07-17,Baden-Württemberg,40.5,0.0
2020-07-18,Baden-Württemberg,58.0,0.0
2020-07-18,Bayern,49.0,0.0
2020-07-17,Bayern,39.5,0.0
2020-07-17,Berlin,10.5,0.0
2020-07-18,Berlin,19.0,0.0
2020-07-18,Brandenburg,7.0,0.0
2020-07-17,Brandenburg,2.5,0.0
2020-07-18,Bremen,9.0,0.0
2020-07-17,Bremen,4.0,0.5
2020-07-17,Hamburg,2.0,0.0
2020-07-18,Hamburg,1.0,0.0
2020-07-17,Hessen,19.5,0.0
2020-07-18,Hessen,33.0,0.0
2020-07-18,Mecklenburg-Vorpommern,1.0,0.0
2020-07-17,Mecklenburg-Vorpommern,1.0,0.0
2020-07-18,Niedersachsen,75.0,0.0
2020-07-17,Niedersachsen,19.5,0.0
2020-07-17,Nordrhein-Westfalen,100.0,0.0
2020-07-18,Nordrhein-Westfalen,145.0,0.0
2020-07-17,Rheinland-Pfalz,6.0,0.0
2020-07-18,Rheinland-Pfalz,14.0,0.0
2020-07-18,Saarland,1.0,0.0
2020-07-17,Saarland,1.0,0.0
2020-07-17,Sachsen,2.0,0.0
2020-07-18,Sachsen-Anhalt,8.0,0.0
2020-07-17,Sachsen-Anhalt,4.5,0.5
2020-07-17,Schleswig-Holstein,7.0,0.5
2020-07-18,Schleswig-Holstein,4.0,0.0
2020-07-17,Thüringen,1.5,0.0
2020-07-18,Thüringen,1.0,0.0
2020-07-19,Baden-Württemberg,27.0,1.0
2020-07-19,Bayern,44.0,1.0
2020-07-19,Bremen,2.0,0.0
2020-07-19,Hamburg,2.0,0.0
2020-07-19,Hessen,9.0,0.0
2020-07-19,Mecklenburg-Vorpommern,1.0,0.0
2020-07-19,Niedersachsen,11.0,0.0
2020-07-19,Nordrhein-Westfalen,65.0,0.0
2020-07-19,Rheinland-Pfalz,13.0,0.0
2020-07-19,Sachsen,1.0,0.0
2020-07-19,Sachsen-Anhalt,1.0,0.0
2020-07-19,Schleswig-Holstein,7.0,0.0
2020-07-19,Thüringen,1.0,0.0
2020-07-20,Baden-Württemberg,62.0,1.0
2020-07-20,Bayern,74.0,0.0
2020-07-20,Berlin,31.0,0.0
2020-07-20,Brandenburg,27.0,0.0
2020-07-20,Bremen,1.0,0.0
2020-07-20,Hamburg,5.0,0.0
2020-07-20,Hessen,24.0,1.0
2020-07-20,Niedersachsen,17.0,0.0
2020-07-20,Nordrhein-Westfalen,159.0,1.0
2020-07-20,Rheinland-Pfalz,21.0,0.0
2020-07-20,Saarland,1.0,0.0
2020-07-20,Sachsen,10.0,0.0
2020-07-20,Sachsen-Anhalt,2.0,0.0
2020-07-20,Schleswig-Holstein,9.0,0.0
2020-07-20,Thüringen,2.0,0.0
2020-07-21,Baden-Württemberg,50.0,0.0
2020-07-21,Bayern,85.0,1.0
2020-07-21,Berlin,33.0,0.0
2020-07-21,Brandenburg,14.0,0.0
2020-07-21,Bremen,4.0,0.0
2020-07-21,Hamburg,8.0,0.0
2020-07-21,Hessen,27.0,1.0
2020-07-21,Mecklenburg-Vorpommern,2.0,0.0
2020-07-21,Niedersachsen,65.0,0.0
2020-07-21,Nordrhein-Westfalen,184.0,0.0
2020-07-21,Rheinland-Pfalz,16.0,0.0
2020-07-21,Saarland,4.0,0.0
2020-07-21,Sachsen,4.0,0.0
2020-07-21,Sachsen-Anhalt,11.0,0.0
2020-07-21,Schleswig-Holstein,6.0,0.0
2020-07-21,Thüringen,1.0,0.0
2020-07-22,Baden-Württemberg,100.0,2.0
2020-07-22,Bayern,79.0,0.0
2020-07-22,Berlin,27.0,0.0
2020-07-22,Brandenburg,11.0,0.0
2020-07-22,Bremen,2.0,0.0
2020-07-22,Hamburg,24.0,0.0
2020-07-22,Hessen,71.0,1.0
2020-07-22,Mecklenburg-Vorpommern,4.0,0.0
2020-07-22,Niedersachsen,51.0,0.0
2020-07-22,Nordrhein-Westfalen,264.0,1.0
2020-07-22,Rheinland-Pfalz,25.0,0.0
2020-07-22,Saarland,5.0,0.0
2020-07-22,Sachsen,1.0,0.0
2020-07-22,Sachsen-Anhalt,6.0,1.0
2020-07-22,Schleswig-Holstein,17.0,0.0
2020-07-22,Thüringen,1.0,0.0
2020-07-23,Baden-Württemberg,87.0,0.0
2020-07-23,Bayern,102.0,0.0
2020-07-23,Berlin,47.0,0.0
2020-07-23,Brandenburg,5.0,0.0
2020-07-23,Bremen,6.0,0.0
2020-07-23,Hamburg,13.0,0.0
2020-07-23,Hessen,57.0,0.0
2020-07-23,Mecklenburg-Vorpommern,11.0,0.0
2020-07-23,Niedersachsen,27.0,0.0
2020-07-23,Nordrhein-Westfalen,295.0,0.0
2020-07-23,Rheinland-Pfalz,10.0,0.0
2020-07-23,Saarland,2.0,0.0
2020-07-23,Sachsen,7.0,0.0
2020-07-23,Sachsen-Anhalt,4.0,0.0
2020-07-23,Schleswig-Holstein,7.0,0.0
2020-07-23,Thüringen,12.0,0.0
2020-07-24,Baden-Württemberg,108.0,0.0
2020-07-24,Bayern,133.0,0.0
2020-07-24,Berlin,61.0,0.0
2020-07-24,Brandenburg,1.0,0.0
2020-07-24,Bremen,9.0,0.0
2020-07-24,Hamburg,22.0,0.0
2020-07-24,Hessen,71.0,1.0
2020-07-24,Mecklenburg-Vorpommern,18.0,0.0
2020-07-24,Niedersachsen,22.0,0.0
2020-07-24,Nordrhein-Westfalen,309.0,3.0
2020-07-24,Rheinland-Pfalz,16.0,0.0
2020-07-24,Saarland,9.0,0.0
2020-07-24,Sachsen,5.0,0.0
2020-07-24,Sachsen-Anhalt,6.0,0.0
2020-07-24,Schleswig-Holstein,12.0,0.0
2020-07-24,Thüringen,2.0,0.0
2020-07-25,Baden-Württemberg,52.0,0.0
2020-07-25,Bayern,153.0,0.0
2020-07-25,Berlin,19.0,0.0
2020-07-25,Brandenburg,1.0,0.0
2020-07-25,Bremen,5.0,0.0
2020-07-25,Hamburg,15.0,0.0
2020-07-25,Hessen,34.0,0.0
2020-07-25,Niedersachsen,33.0,0.0
2020-07-25,Nordrhein-Westfalen,198.0,0.0
2020-07-25,Rheinland-Pfalz,16.0,0.0
2020-07-25,Saarland,2.0,0.0
2020-07-25,Sachsen,1.0,0.0
2020-07-25,Sachsen-Anhalt,3.0,0.0
2020-07-25,Schleswig-Holstein,7.0,0.0
2020-07-25,Thüringen,6.0,0.0
2020-07-26,Baden-Württemberg,18.0,0.0
2020-07-26,Bayern,85.0,0.0
2020-07-26,Berlin,3.0,0.0
2020-07-26,Brandenburg,2.0,0.0
2020-07-26,Hamburg,4.0,0.0
2020-07-26,Hessen,5.0,0.0
2020-07-26,Niedersachsen,19.0,0.0
2020-07-26,Nordrhein-Westfalen,59.0,0.0
2020-07-26,Rheinland-Pfalz,1.0,0.0
2020-07-26,Sachsen,1.0,0.0
2020-07-26,Sachsen-Anhalt,4.0,0.0
2020-07-26,Schleswig-Holstein,7.0,0.0
2020-07-26,Thüringen,1.0,0.0
2020-07-27,Baden-Württemberg,72.0,0.0
2020-07-27,Bayern,74.0,0.0
2020-07-27,Berlin,41.0,0.0
2020-07-27,Brandenburg,4.0,0.0
2020-07-27,Bremen,5.0,0.0
2020-07-27,Hamburg,7.0,0.0
2020-07-27,Hessen,58.0,0.0
2020-07-27,Mecklenburg-Vorpommern,5.0,0.0
2020-07-27,Niedersachsen,27.0,0.0
2020-07-27,Nordrhein-Westfalen,165.0,1.0
2020-07-27,Rheinland-Pfalz,17.0,0.0
2020-07-27,Saarland,2.0,0.0
2020-07-27,Sachsen,8.0,0.0
2020-07-27,Sachsen-Anhalt,3.0,0.0
2020-07-27,Schleswig-Holstein,23.0,1.0
2020-07-27,Thüringen,4.0,0.0
2020-07-28,Baden-Württemberg,63.0,0.0
2020-07-28,Bayern,101.0,0.0
2020-07-28,Berlin,62.0,0.0
2020-07-28,Brandenburg,9.0,0.0
2020-07-28,Bremen,6.0,0.0
2020-07-28,Hamburg,15.0,0.0
2020-07-28,Hessen,63.0,1.0
2020-07-28,Mecklenburg-Vorpommern,3.0,0.0
2020-07-28,Niedersachsen,62.0,0.0
2020-07-28,Nordrhein-Westfalen,282.0,1.0
2020-07-28,Rheinland-Pfalz,25.0,0.0
2020-07-28,Saarland,7.0,0.0
2020-07-28,Sachsen,3.0,0.0
2020-07-28,Sachsen-Anhalt,8.0,0.0
2020-07-28,Schleswig-Holstein,26.0,0.0
2020-07-28,Thüringen,6.0,0.0
2020-07-29,Baden-Württemberg,98.0,0.0
2020-07-29,Bayern,115.0,0.0
2020-07-29,Berlin,69.0,0.0
2020-07-29,Brandenburg,1.0,0.0
2020-07-29,Bremen,5.0,0.0
2020-07-29,Hamburg,29.0,0.0
2020-07-29,Hessen,83.0,0.0
2020-07-29,Mecklenburg-Vorpommern,10.0,0.0
2020-07-29,Niedersachsen,53.0,0.0
2020-07-29,Nordrhein-Westfalen,361.0,1.0
2020-07-29,Rheinland-Pfalz,21.0,0.0
2020-07-29,Saarland,6.0,0.0
2020-07-29,Sachsen,7.0,0.0
2020-07-29,Sachsen-Anhalt,9.0,0.0
2020-07-29,Schleswig-Holstein,29.0,0.0
2020-07-29,Thüringen,3.0,0.0
2020-07-30,Baden-Württemberg,89.0,0.0
2020-07-30,Bayern,100.0,0.0
2020-07-30,Berlin,49.0,0.0
2020-07-30,Brandenburg,9.0,0.0
2020-07-30,Bremen,11.0,0.0
2020-07-30,Hamburg,21.0,0.0
2020-07-30,Hessen,81.0,0.0
2020-07-30,Mecklenburg-Vorpommern,4.0,0.0
2020-07-30,Niedersachsen,63.0,1.0
2020-07-30,Nordrhein-Westfalen,351.0,0.0
2020-07-30,Rheinland-Pfalz,25.0,0.0
2020-07-30,Saarland,8.0,0.0
2020-07-30,Sachsen,3.0,0.0
2020-07-30,Sachsen-Anhalt,7.0,0.0
2020-07-30,Schleswig-Holstein,26.0,0.0
2020-07-30,Thüringen,6.0,0.0
2020-07-31,Baden-Württemberg,100.0,0.0
2020-07-31,Bayern,143.0,0.0
2020-07-31,Berlin,76.0,0.0
2020-07-31,Brandenburg,4.0,0.0
2020-07-31,Bremen,7.0,0.0
2020-07-31,Hamburg,19.0,0.0
2020-07-31,Hessen,85.0,0.0
2020-07-31,Mecklenburg-Vorpommern,3.0,0.0
2020-07-31,Niedersachsen,53.0,0.0
2020-07-31,Nordrhein-Westfalen,359.0,2.0
2020-07-31,Rheinland-Pfalz,13.0,0.0
2020-07-31,Saarland,3.0,0.0
2020-07-31,Sachsen,4.0,0.0
2020-07-31,Sachsen-Anhalt,8.0,0.0
2020-07-31,Schleswig-Holstein,24.0,0.0
2020-07-31,Thüringen,6.0,0.0
2020-08-01,Baden-Württemberg,39.0,0.0
2020-08-01,Bayern,73.0,0.0
2020-08-01,Berlin,33.0,0.0
2020-08-01,Brandenburg,2.0,0.0
2020-08-01,Bremen,1.0,0.0
2020-08-01,Hamburg,17.0,0.0
2020-08-01,Hessen,48.0,0.0
2020-08-01,Mecklenburg-Vorpommern,9.0,0.0
2020-08-01,Niedersachsen,58.0,0.0
2020-08-01,Nordrhein-Westfalen,220.0,0.0
2020-08-01,Rheinland-Pfalz,15.0,0.0
2020-08-01,Saarland,5.0,0.0
2020-08-01,Sachsen,3.0,0.0
2020-08-01,Sachsen-Anhalt,3.0,0.0
2020-08-01,Schleswig-Holstein,16.0,0.0
2020-08-01,Thüringen,3.0,0.0
2020-08-02,Baden-Württemberg,9.0,0.0
2020-08-02,Bayern,68.0,0.0
2020-08-02,Brandenburg,2.0,0.0
2020-08-02,Hamburg,6.0,0.0
2020-08-02,Hessen,20.0,0.0
2020-08-02,Mecklenburg-Vorpommern,3.0,0.0
2020-08-02,Niedersachsen,15.0,0.0
2020-08-02,Nordrhein-Westfalen,150.0,0.0
2020-08-02,Rheinland-Pfalz,6.0,0.0
2020-08-02,Saarland,2.0,0.0
2020-08-02,Sachsen,2.0,0.0
2020-08-02,Sachsen-Anhalt,2.0,0.0
2020-08-02,Schleswig-Holstein,7.0,0.0
2020-08-02,Thüringen,1.0,0.0
2020-08-03,Baden-Württemberg,50.0,0.0
2020-08-03,Bayern,68.0,0.0
2020-08-03,Berlin,48.0,0.0
2020-08-03,Brandenburg,4.0,0.0
2020-08-03,Bremen,5.0,0.0
2020-08-03,Hamburg,13.0,0.0
2020-08-03,Hessen,68.0,0.0
2020-08-03,Mecklenburg-Vorpommern,4.0,0.0
2020-08-03,Niedersachsen,54.0,0.0
2020-08-03,Nordrhein-Westfalen,291.0,0.0
2020-08-03,Rheinland-Pfalz,44.0,0.0
2020-08-03,Sachsen,10.0,0.0
2020-08-03,Sachsen-Anhalt,2.0,0.0
2020-08-03,Schleswig-Holstein,17.0,0.0
2020-08-03,Thüringen,10.0,0.0
2020-08-04,Baden-Württemberg,16.0,0.0
2020-08-04,Bayern,63.0,0.0
2020-08-04,Berlin,14.0,0.0
2020-08-04,Brandenburg,6.0,0.0
2020-08-04,Bremen,3.0,0.0
2020-08-04,Hessen,40.0,0.0
2020-08-04,Mecklenburg-Vorpommern,4.0,0.0
2020-08-04,Nordrhein-Westfalen,255.0,1.0
2020-08-04,Rheinland-Pfalz,17.0,0.0
2020-08-04,Saarland,5.0,0.0
2020-08-04,Sachsen,1.0,0.0
2020-08-04,Sachsen-Anhalt,2.0,0.0
2020-08-04,Schleswig-Holstein,20.0,0.0
2020-08-04,Thüringen,3.0,0.0
